Região;Local;Longitude;Latitude;Referências;;;;;;;;;
América do Sul;    tavares;-48.32;27.39 ;Schmitz H.J. et al. (2007), Taxonomic Survey of Drosophili ... ;;;;;;;;;
América do Sul;    santa marta/colombia; -74.10 ;11.18;Hoenigsberg H.F. (1995), Drosophila baits in northern l ... ;;;;;;;;;
América do Sul;    caracas;-66.56;10.35;Heed W.B. and Russell J.S. (1971), Phylogeny and Population Struc ... ;;;;;;;;;
América do Sul;    duaca;-69.08;10.22;Oelshlegel F.J. and Brewer G.J. (1975), Interspecific variation of pho ... ;;;;;;;;;
América do Sul;    barquisimeto;-69.18;10.03;Hunter A.S. (1970), Drosophila of Venezuela. ... ;;;;;;;;;
América do Sul;    carpentaro; -70.00;10.00 ;Yoon J.S. (1984), Drosophila species stock list ... ;;;;;;;;;
América do Sul;    carpentaro; -70.00;10.00 ;Yoon Z. (1996), Stock List. National Drosophil ... ;;;;;;;;;
América do Sul;    carpentaro; -70.00;10.00 ;Yoon J.S. (1984);;;;;;;;;
América do Sul;    georgetown/guyana;-58.10;6.46;Heed W.B. and Russell J.S. (1971), Phylogeny and Population Struc ... ;;;;;;;;;
América do Sul;    bogota;-74.05;4.48;Heed W.B. and Russell J.S. (1971), Phylogeny and Population Struc ... ;;;;;;;;;
América do Sul;    bogota;-74.05;4.48;Hunter A.S. (1966), High-Altitude Drosophila of Co ... ;;;;;;;;;
América do Sul;    fusagasuga;-74.21;4.22;Hunter A.S. and Navarro A. (1969), A Natural Population of Drosop ... ;;;;;;;;;
América do Sul;    orellana;-76.05;0.53 ;Acurio A. and Rafael V. (2009), Diversity and geographical dis ... ;;;;;;;;;
América do Sul;    imbabura;-78.30;0.30 ;Acurio A. and Rafael V. (2009), Diversity and geographical dis ... ;;;;;;;;;
América do Sul;    guayllabamba;-78.22;0.03;Rafael V. and Arcos G. (1988), Drosophila guayllabambae n.sp. ... ;;;;;;;;;
América do Sul;    el quinche;-78.18;-0.07; Rafael V. et al. (2000), Ecologia y distribucion del ge ... ;;;;;;;;;
América do Sul;    ibarra;-78.10;-0.21 ;Rafael V. (2007), Drosophila malerkotliana y Zap ... ;;;;;;;;;
América do Sul;    ilha grande;-65.03;-0.28 ;Morais P.B. et al. (2005), Saturnispora hagleri sp. nov., ... ;;;;;;;;;
América do Sul;    parque nacional yasuni;-76.23;-0.39 ;Acurio A.E. and Rafael V.L. (2009), Inventario Taxonomico de Droso ... ;;;;;;;;;
América do Sul;cotopaxi;-78.28;-0.40;Acurio A. and Rafael V. (2009), Diversity and geographical dis ... ;;;;;;;;;
América do Sul;    pichincha; -75.21;-0.45;Acurio A. and Rafael V. (2009), Diversity and geographical dis ... ;;;;;;;;;
América do Sul;    montecristi; -80.39;-1.05;Rafael V. (2007), Drosophila malerkotliana y Zap ... ;;;;;;;;;
América do Sul;    montecristi;-80.39;-1.05 ;Rafael V. et al. (2000), El Genero Drosophila en tres p ... ;;;;;;;;;
América do Sul;    belem;-48.29;-1.27 ;Heed W.B. and Russell J.S. (1971), Phylogeny and Population Struc ... ;;;;;;;;;
América do Sul;    manabi; -80.30;-1.30;Acurio A. and Rafael V. (2009), Diversity and geographical dis ... ;;;;;;;;;
América do Sul;    manabi; -80.30;-1.30;Rafael V. and Vela D. (2000), Drosophila distribution in Ecu ... ;;;;;;;;;
América do Sul;    mangas;-80.00;-2.00;Rafael V. et al. (2000), El Genero Drosophila en tres p ... ;;;;;;;;;
América do Sul;    procel;-80.00;-2.00 ;Rafael V. et al. (2000), El Genero Drosophila en tres p ... ;;;;;;;;;
América do Sul;    ballenita;-80.52;-2.16 ;Rafael V. et al. (2000), El Genero Drosophila en tres p ... ;;;;;;;;;
América do Sul;    ballenita;-80.52;-2.16 ;Rafael V. et al. (2000);;;;;;;;;
América do Sul;    guayas;-80.17;-2.16 ;Acurio A. and Rafael V. (2009), Diversity and geographical dis ... ;;;;;;;;;
América do Sul;    guayas;-80.17;-2.16;Rafael V. and Vela D. (2000), Drosophila distribution in Ecu ... ;;;;;;;;;
América do Sul;    manaus;-60.00;-3.06 ;Martins M. (1987), Variacao espacial e temporal d ... ;;;;;;;;;
América do Sul;    el oro;-79.50;-3.27;Rafael V. and Vela D. (2000), Drosophila distribution in Ecu ... ;;;;;;;;;
América do Sul;    huaquillas; -80.00;-3.30 ;Rafael V. et al. (2000), El Genero Drosophila en tres p ... ;;;;;;;;;
América do Sul;    pinas;-80.00;-3.30;Rafael V. et al. (2000), El Genero Drosophila en tres p ... ;;;;;;;;;
América do Sul;    huaquillas; -80.00;-3.30 ;Rafael V. et al. (2000);;;;;;;;;
América do Sul;    loja; -79.16;-3.59 ;Acurio A. and Rafael V. (2009), Diversity and geographical dis ... ;;;;;;;;;
América do Sul;    loja;-79.16;-3.59;Rafael V. and Vela D. (2000), Drosophila distribution in Ecu ... ;;;;;;;;;
América do Sul;    yangana;-79.30;-4.00;Rafael V. and Vela D. (2003), Drosophila yangana sp. nov. un ... ;;;;;;;;;
América do Sul;    yangana;-79.30;-4.00;Rafael V. and Vela D. (2003);;;;;;;;;
América do Sul;    leticia;-69.57;-4.09;Heed W.B. and Russell J.S. (1971), Phylogeny and Population Struc ... ;;;;;;;;;
América do Sul;ponta do caximbo;-53.15;-4.20;Napp M. and Cordeiro A.R. (1978), Genetic variability and disequ ... ;;;;;;;;;
América do Sul;    porto alegre; -53.15;-4.20;Garcia A.C. et al. (2008), Two decades of colonization of ... ;;;;;;;;;
América do Sul;    porto alegre;-53.15;-4.20;Martins M.B. (1989), Invasao de fragmentos floresta ... ;;;;;;;;;
América do Sul;ponta do caximbo;-53.15;-4.20;Martins M.B. (1989), Invasao de fragmentos floresta ... ;;;;;;;;;
América do Sul;    barra do maxaranguape;-35.26;-5.32;Vilela C.R. et al. (2002), Preliminary data on the geogra ... ;;;;;;;;;
América do Sul;    bom jesus/rn; -35.37;-5.58;Vilela C.R. et al. (2002), Preliminary data on the geogra ... ;;;;;;;;;
América do Sul;    sao jose de espinharas;-36.00;-6.56;Vilela C.R. et al. (2002), Preliminary data on the geogra ... ;;;;;;;;;
América do Sul;    junco do serido/pb; -36.43;-7.00;Vilela C.R. et al. (2002), Preliminary data on the geogra ... ;;;;;;;;;
América do Sul;    trujillo/peru;-79.00;-8.06;Suyo T. M.P. et al. (1983), Analisis de la genitalia exter ... ;;;;;;;;;
América do Sul;    urucu;-35.00;-8.17;Prudente A.L. da Costa et al. (2008), Fauna. In: Biodiversidade na P ... ;;;;;;;;;
América do Sul;    huaraz;-77.31;-9.33;Suyo T. M.P. et al. (1983), Analisis de la genitalia exter ... ;;;;;;;;;
América do Sul;    peru;-75.00;-10.00;Pilares G.L. and Suyo M.P. (1982), Distribution of different spec ... ;;;;;;;;;
América do Sul;    peru; -75.00;-10.00 ;Pilares G. L.V. and vasquez E. J.A. (1977), Especies del genero Drosophila ... ;;;;;;;;;
América do Sul;    brazil;-50.00;-10.00;Brisson J.A. et al. (2006), Phylogenetic analysis of the c ... ;;;;;;;;;
América do Sul;    brazil;-50.00;-10.00;Napp M. and Cordeiro A.R. (1981), Interspecific relationships in ... ;;;;;;;;;
América do Sul;    bonito;-39.00;-10.00;Tidon-Sklorz R. and de Melo Sene F. (1995), Fauna of Drosophila (Diptera, ... ;;;;;;;;;
América do Sul;    guaraja/ro; -64.50;-10.39;Chaves N.B. and Tidon R. (2008), Biogeographical aspects of dro ... ;;;;;;;;;
Guajará-Mirim;    guaraja/ro;-64,63;-10,41;Lab. Bio. Evolutiva, UnB;;;;;;;;;
América do Sul;    xique-xique/ba;-42.40;-10.42;Vilela C.R. et al. (2002), Preliminary data on the geogra ... ;;;;;;;;;
América do Sul;    la merced/peru;-75.16;-11.03 ;Pilares G. L.V. and vasquez E. J.A. (1977), Especies del genero Drosophila ... ;;;;;;;;;
América do Sul;    irece/ba; -41.47;-11.20 ;Vilela C.R. et al. (2002), Preliminary data on the geogra ... ;;;;;;;;;
América do Sul;    cafarnaum/ba;-41.20;-11.30 ;Tidon-Sklorz R. and de Melo Sene F. (1995), Fauna of Drosophila (Diptera, ... ;;;;;;;;;
América do Sul;    cafarnaum/ba;-41.20;-11.30;Vilela C.R. et al. (2002), Preliminary data on the geogra ... ;;;;;;;;;
América do Sul;    morro do chapeu/ba;-41.01;-11.38;Tidon-Sklorz R. and de Melo Sene F. (1995), Fauna of Drosophila (Diptera, ... ;;;;;;;;;
América do Sul;    morro do chapeu/ba;-41.01;-11.38;Tidon-Sklorz R. and de Melo Sene F. (1995);;;;;;;;;
América do Sul;    mira serra/ba;-40.53;-11.46 ;Vilela C.R. et al. (2002), Preliminary data on the geogra ... ;;;;;;;;;
América do Sul;    piritiba/ba; -40.45;-11.47;Vilela C.R. et al. (2002), Preliminary data on the geogra ... ;;;;;;;;;
América do Sul;    barreiras/ba;-45,15;-12,06;Vilela C.R. et al. (2002), Preliminary data on the geogra ... ;;;;;;;;;
América do Sul;    barreiras/ba;-45.05;-12.07;Chaves N.B. and Tidon R. (2008), Biogeographical aspects of dro ... ;;;;;;;;;
América do Sul;    barreiras/ba;-45.05;-12.07;Sene F.M. et al. (1980), Preliminary data on the geogra ... ;;;;;;;;;
América do Sul;    barreiras/ba;-45.05;-12.07 ;Sene F.M. et al. (1980), Preliminary data on the geogra ... ;;;;;;;;;
América do Sul;    barreiras/ba; -45.05;-12.07;Vilela C.R. et al. (2002), Preliminary data on the geogra ... ;;;;;;;;;
América do Sul;    barreiras/ba;-45.05;-12.07;Sene F.M. et al. (1980), Preliminary data on the geogra ... ;;;;;;;;;
América do Sul;    ibotirama/ba; -43.07;-12.18;Vilela C.R. et al. (2002), Preliminary data on the geogra ... ;;;;;;;;;
América do Sul;    cachoeira/monteiros/ba;-51.38;-12.25; Vilela C.R. et al. (2002), Preliminary data on the geogra ... ;;;;;;;;;
América do Sul;    vilhena/ro;-60.16;-12.29;Chaves N.B. and Tidon R. (2008), Biogeographical aspects of dro ... ;;;;;;;;;
América do Sul;    milagres/ba;-39.53;-12.51; Vilela C.R. et al. (2002), Preliminary data on the geogra ... ;;;;;;;;;
América do Sul;    parana/to; -47.37;-12.52 ;da Mata R.A. et al. (2008), Drosophilids (Insecta, Diptera ... ;;;;;;;;;
América do Sul;Vale do Paranã; -47.37;-12.52 ;da Mata R.A. et al. (2008);;;;;;;;;
América do Sul;    andarai;-41.2;-12.59;Tidon-Sklorz R. and de Melo Sene F. (1995);;;;;;;;;
América do Sul;    umahuankilia; -72.00;-13.00;Duda O. (1927), Die sudamerikanischen Drosophi ... ;;;;;;;;;
América do Sul;    mucuge/sp; -41.22;-13.00 ;Tidon-Sklorz R. and de Melo Sene F. (1995), Fauna of Drosophila (Diptera, ... ;;;;;;;;;
América do Sul;    mucuge/sp; -41.22;-13.00 ;Tidon-Sklorz R. and de Melo Sene F. (1995);;;;;;;;;
América do Sul;Vale do Paranã;-46,45;-13,39;Mata et al., 2008;;;;;;;;;
América do Sul;    pisco;-76.12;-13.46;Heed W.B. and Russell J.S. (1971), Phylogeny and Population Struc ... ;;;;;;;;;
América do Sul;    pisco;-76.12;-13.46;Napp M. and Cordeiro A.R. (1981), Interspecific relationships in ... ;;;;;;;;;
América do Sul;    pisco;-76.12;-13.46;Yoon J.S. (1984), Drosophila species stock list ... ;;;;;;;;;
América do Sul;    pisco;-76.12;-13.46;Yoon J.S. (1990), Drosophila species stock list ... ;;;;;;;;;
América do Sul;    pisco;-76.12;-13.46;Yoon Z. (1996), Stock List. National Drosophil ... ;;;;;;;;;
América do Sul;    cavalcante/go;-47.30;-13.48;Chaves N.B. and Tidon R. (2008), Biogeographical aspects of dro ... ;;;;;;;;;
América do Sul;    pisco;-76.15;-13.49;Yoon Z. (1996), Stock List. National Drosophil ... ;;;;;;;;;
América do Sul;    tangara da serra/mg; -57.03;-14.04;Blauth M.L. and Gottschalk M.S. (2007), A novel record of Drosophilida ... ;;;;;;;;;
América do Sul;Vale do Paranã;-46,47;-14,31;Mata et al., 2008;;;;;;;;;
América do Sul;    sao joao da alinanca/go;-47.30;-14.36 ;Chaves N.B. and Tidon R. (2008), Biogeographical aspects of dro ... ;;;;;;;;;
América do Sul;    chapada dos guimaraes/mt;-55,58;-14,49;Roque F. and Tidon R. (2008);;;;;;;;;
América do Sul;    fazenda trijuncao/ba;-45,59;-14.49 ;Roque F. and Tidon R. (2008);;;;;;;;;
América do Sul;    fazenda trijuncao/ba; -45.58;-14.49 ;Roque F. and Tidon R. (2008), Eight new records of drosophil ... ;;;;;;;;;
América do Sul;    sarampioni;-75.00;-15.00;Duda O. (1927), Die sudamerikanischen Drosophi ... ;;;;;;;;;
América do Sul;    lorenzopata;-68.00;-15.00;Duda O. (1927), Die sudamerikanischen Drosophi ... ;;;;;;;;;
América do Sul;    chapada dos guimaraes/mt;-55.49;-15.24 ;Roque F. and Tidon R. (2008), Eight new records of drosophil ... ;;;;;;;;;
América do Sul;ESECAE;-47,39;-15,34;Emerich, 2011 (Dissertação de Mestrado);;;;;;;;;
América do Sul;Planaltina;-47,24;-15,35;Emerich et al., 2013;;;;;;;;;
América do Sul;    sobradinho/df;-47.47;-15.37;Roque F. et al. (2009), Breeding sites of drosophilids ... ;;;;;;;;;
América do Sul;    brasilia park;-47.54;-15.40;Tidon R. (2006), Relationships between drosophi ... ;;;;;;;;;
América do Sul;    pnb/df;-47.54;-15.40 ;Chaves N.B. and Tidon R. (2008), Biogeographical aspects of dro ... ;;;;;;;;;
América do Sul;Planaltina;-47,29;-15,4;Emerich et al., 2012;;;;;;;;;
América do Sul;RECOR ;-47,5;-15,46;Figueiredo (dissertação, 2007);;;;;;;;;
América do Sul;    brasilia/df;-47.59;-15.47;Chaves N.B. and Tidon R. (2008), Biogeographical aspects of dro ... ;;;;;;;;;
América do Sul;    brasilia/df; -47.59;-15.47 ;Dobbin B.F. and Tidon R. (2004), Newly invading species exploit ... ;;;;;;;;;
América do Sul;    brasilia/df;-47.59;-15.47;Ferreira L.B. and Tidon R. (2005), Colonizing potential of Drosop ... ;;;;;;;;;
América do Sul;    brasilia/df;-47.59;-15.47;Roque F. et al. (2006), Nine new records of drosophili ... ;;;;;;;;;
América do Sul;    brasilia/df;-47.59;-15.47;Vilela C.R. et al. (2002), Preliminary data on the geogra ... ;;;;;;;;;
América do Sul;cerrado;-47.59;-15.47;Cahaves N.B. and Tidon R. (2005), Drosophilidae of the Brazilian ... ;;;;;;;;;
América do Sul;    brasilia/df;-47,57;-15,47;Ferreira L.B. and Tidon R. (2005), Colonizing potential of Drosop ... ;;;;;;;;;
América do Sul;    brasilia/df;-47,57;-15,47;Roque F. et al. (2006), Nine new records of drosophili ... ;;;;;;;;;
América do Sul;    brasilia/df;-47,57;-15,47;Vilela C.R. et al. (2002), Preliminary data on the geogra ... ;;;;;;;;;
América do Sul;    brasilia/df;-47,57;-15,47;Cahaves N.B. and Tidon R. (2005), Drosophilidae of the Brazilian ... ;;;;;;;;;
América do Sul;RECOR;-47,52;-15,55;Roque & Tidon, 2012;;;;;;;;;
América do Sul;    jbb/df; -47.50;-15.55 ;Chaves N.B. and Tidon R. (2008), Biogeographical aspects of dro ... ;;;;;;;;;
América do Sul;    recor reserve;-47.53;-15.56 ;Leao B F.D. and Tidon R. (2004), Newly invading species exploit ... ;;;;;;;;;
América do Sul;    recor reserve;-47.53;-15.56 ;Tidon R. (2006), Relationships between drosophi ... ;;;;;;;;;
América do Sul;    recor/df;-47.53;-15.56 ;Chaves N.B. and Tidon R. (2008), Biogeographical aspects of dro ... ;;;;;;;;;
América do Sul;    recor reserve;-47.53;-15.56 ;Chaves N.B. and Tidon R. (2008), Biogeographical aspects of dro ... ;;;;;;;;;
América do Sul;RECOR ;-47,52;-15,56;Figueiredo (dissertação, 2007);;;;;;;;;
América do Sul;    serra dourada/go; -50.07;-15.57;Roque F. and Tidon R. (2008), Eight new records of drosophil ... ;;;;;;;;;
América do Sul;    coroico;-67.45;-16.09 ;Duda O. (1927), Die sudamerikanischen Drosophi ... ;;;;;;;;;
América do Sul;    serra do cipo/mg;-43,35;-16,16;Tidon-Sklorz et al., 1994;;;;;;;;;
América do Sul;    grao mogol;-42.50;-16.32;Tidon-Sklorz R. and de Melo Sene F. (1995), Fauna of Drosophila (Diptera, ... ;;;;;;;;;
América do Sul;    grao mogol/mg;-42.50;-16.32;Tidon-Sklorz R. and de Melo Sene F. (1995), Fauna of Drosophila (Diptera, ... ;;;;;;;;;
América do Sul;    paracatu/mg; -46.52;-17.14 ;Chaves N.B. and Tidon R. (2008), Biogeographical aspects of dro ... ;;;;;;;;;
América do Sul;Paracatu;-47,16;-17,24;Chaves N.B. and Tidon R. (2008);;;;;;;;;
América do Sul;Paracatu;-47,2;-17,29;Chaves N.B. and Tidon R. (2008);;;;;;;;;
América do Sul;    catalao/go;-47.38;-17.33;Chaves N.B. and Tidon R. (2008), Biogeographical aspects of dro ... ;;;;;;;;;
América do Sul;Paracatu;-47,09;-17,33;Chaves N.B. and Tidon R. (2008);;;;;;;;;
América do Sul;Paracatu;-47,08;-17,34;Chaves N.B. and Tidon R. (2008);;;;;;;;;
América do Sul;    catalao/go;-47,28;-17,38;Chaves N.B. and Tidon R. (2008);;;;;;;;;
América do Sul;    santa cruz/bolivia;-63.14;-17.45;Heed W.B. and Russell J.S. (1971), Phylogeny and Population Struc ... ;;;;;;;;;
América do Sul;    san ernesto/bolivia;-60.00;-18.00;Duda O. (1927), Die sudamerikanischen Drosophi ... ;;;;;;;;;
América do Sul;    emas/go;-52.53;-18.15;Roque F. and Tidon R. (2008), Eight new records of drosophil ... ;;;;;;;;;
América do Sul;    camarones; -70.20;-18.30 ;Brncic D. (1987), A review of the genus Drosophi ... ;;;;;;;;;
América do Sul;    serra do cipo/mg;-43.40;-19.00;Chaves N.B. and Tidon R. (2008), Biogeographical aspects of dro ... ;;;;;;;;;
América do Sul;    serra do cipo/mg;-43,37;-19,16;Tidon-Sklorz et al., 1994;;;;;;;;;
América do Sul;    serra do cipo;-43.35;-19.17;Tidon-Sklorz R. et al. (1994), The genus Drosophila (Diptera, ... ;;;;;;;;;
América do Sul;    serra do cipo;-43.35;-19.17 ;Vilela C.R. and Mori L. (1999), The genus Drosophila (Diptera, ... ;;;;;;;;;
América do Sul;    serra do cipo/mg;-43,34;-19,17;Tidon-Sklorz et al., 1994;;;;;;;;;
América do Sul;    serra do cipo/mg;-43,33;-19,17;Tidon-Sklorz et al., 1994;;;;;;;;;
América do Sul;    serra do cipo/mg;-43,33;-19,17;Vilela & Mori, 1999;;;;;;;;;
América do Sul;    serra do cipo/mg;-43,36;-19,18;Tidon-Sklorz et al., 1994;;;;;;;;;
América do Sul;    serra do cipo/mg;-43,34;-19,18;Tidon-Sklorz et al., 1994;;;;;;;;;
América do Sul;    serra do cipo/mg;-43,33;-19,2;Vilela & Mori, 1999;;;;;;;;;
América do Sul;    serra do cipo/mg;-43,38;-19,21;Tidon-Sklorz et al., 1994;;;;;;;;;
América do Sul;    serra do cipo/mg;-43,38;-19,21;Vilela & Mori, 1999;;;;;;;;;
América do Sul;Paracatu;-47,15;-19,29;Chaves N.B. and Tidon R. (2008);;;;;;;;;
América do Sul;    lagoa santa/mg;-43.55;-19.39;Chaves N.B. and Tidon R. (2008), Biogeographical aspects of dro ... ;;;;;;;;;
América do Sul;    lagoa santa/mg;-43.55;-19.39;Vilela C.R. et al. (2002), Preliminary data on the geogra ... ;;;;;;;;;
América do Sul;    miranda/mg;-56,46;-20,05;Vilela C.R. et al. (2002);;;;;;;;;
América do Sul;    miranda/mg; -56.19;-20.10 ;Vilela C.R. et al. (2002), Preliminary data on the geogra ... ;;;;;;;;;
América do Sul;    campo grande/ms; -54.34;-20.41;Chaves N.B. and Tidon R. (2008), Biogeographical aspects of dro ... ;;;;;;;;;
América do Sul;    campo grande/ms;-54.34;-20.41;Vilela C.R. et al. (2002), Preliminary data on the geogra ... ;;;;;;;;;
América do Sul;    olimpia; -48.55;-20.43;Pires D.J. and Belo M. (2005), Flies collected in orchards. ... ;;;;;;;;;
América do Sul;    serrana/sp;-47.35;-21.13 ;Mateus R.P. et al. (2006), The Drosophila community in xe ... ;;;;;;;;;
América do Sul;    jaboticabal;-48.17;-21.15 ;Pires D.J. and Belo M. (2005), Flies collected in orchards. ... ;;;;;;;;;
América do Sul;    sao paulo estado;-48.00;-22.00 ;Tidon-Sklorz R. and Sene F.M. (1999), Drosophila. In: Brandao, C.R.F ... ;;;;;;;;;
América do Sul;    monte alto;-47.00;-22.00;Pires D.J. and Belo M. (2005), Flies collected in orchards. ... ;;;;;;;;;
América do Sul;    sao carlos/sp;-45.53;-22.03 ;Vilela C.R. et al. (2002), Preliminary data on the geogra ... ;;;;;;;;;
América do Sul;    bela vista/ms;-56.32;-22.05;Chaves N.B. and Tidon R. (2008), Biogeographical aspects of dro ... ;;;;;;;;;
América do Sul;    bela vista/ms;-56.32;-22.05 ;Sene F.M. et al. (1980), Preliminary data on the geogra ... ;;;;;;;;;
América do Sul;    bela vista/ms;-56.32;-22.05;Vilela C.R. et al. (2002), Preliminary data on the geogra ... ;;;;;;;;;
América do Sul;    bela vista/ms;-56.32;-22.05;Vilela C.R. et al. (2002), Preliminary data on the geogra ... ;;;;;;;;;
América do Sul;    caracol/ms;-56.47;-22.13 ;Chaves N.B. and Tidon R. (2008), Biogeographical aspects of dro ... ;;;;;;;;;
América do Sul;    caracol/ms; -56.47;-22.13;Vilela C.R. et al. (2002), Preliminary data on the geogra ... ;;;;;;;;;
América do Sul;    itirapina;-47.48;-22.16;Mateus R.P. et al. (2006), The Drosophila community in xe ... ;;;;;;;;;
América do Sul;    brotas;-47.57;-22.17 ;Pires D.J. and Belo M. (2005), Flies collected in orchards. ... ;;;;;;;;;
América do Sul;    mogi-guacu/sp;-47.12;-22.17;Sene F.M. et al. (1980), Preliminary data on the geogra ... ;;;;;;;;;
América do Sul;    mogi-guacu/sp;-47.12;-22.17;Sene F.M. et al. (1981), Influence of different ways to ... ;;;;;;;;;
América do Sul;    mogi-guacu/sp;-47.12;-22.17;Vilela C.R. et al. (2002), Preliminary data on the geogra ... ;;;;;;;;;
América do Sul;    mogi-guacu/sp;-47.12;-22.17;Vilela C.R. et al. (2002), Preliminary data on the geogra ... ;;;;;;;;;
América do Sul;    santa maria da serra;-48.10;-22.34;Mateus R.P. et al. (2006), The Drosophila community in xe ... ;;;;;;;;;
América do Sul;    barreiro rico;-48.05;-22.41 ;de Medeiros H.F. and Klaczko L.B. (2004), How many species of Drosophila ... ;;;;;;;;;
América do Sul;    cabo frio/rj;-42.02;-22.56;Vilela C.R. et al. (2002), Preliminary data on the geogra ... ;;;;;;;;;
América do Sul;    itatiba; -46.51;-22.59 ;Mateus R.P. et al. (2006), The Drosophila community in xe ... ;;;;;;;;;
América do Sul;    angra dos reis;-44.17;-22.59;Heed W.B. and Russell J.S. (1971), Phylogeny and Population Struc ... ;;;;;;;;;
América do Sul;    arraial do cabo/rj;-42.01;-22.59;Vilela C.R. et al. (2002), Preliminary data on the geogra ... ;;;;;;;;;
América do Sul;    cabreuva/sp;-47.10;-23.15;Vilela C.R. et al. (2002), Preliminary data on the geogra ... ;;;;;;;;;
América do Sul;    itu/sp; -47.18;-23.16;Vilela C.R. et al. (2002), Preliminary data on the geogra ... ;;;;;;;;;
América do Sul;    cantareira;-46.38;-23.27;Heed W.B. and Russell J.S. (1971), Phylogeny and Population Struc ... ;;;;;;;;;
América do Sul;    jaguari/rs;-54.42;-23.30 ;Vilela C.R. et al. (2002), Preliminary data on the geogra ... ;;;;;;;;;
América do Sul;    mogi das cruzes;-46.10;-23.30;Heed W.B. and Russell J.S. (1971), Phylogeny and Population Struc ... ;;;;;;;;;
América do Sul;    mogi das cruzes;-46.10;-23.30;Yoon J.S. (1984), Drosophila species stock list ... ;;;;;;;;;
América do Sul;    mogi das cruzes;-46.10;-23.30;Yoon J.S. (1990), Drosophila species stock list ... ;;;;;;;;;
América do Sul;    mogi das cruzes;-46.10;-23.30;Yoon Z. (1996), Stock List. National Drosophil ... ;;;;;;;;;
América do Sul;    azapa/chile;-70.23;-23.37 ;Brncic D. (1962), New Chilean species of the gen ... ;;;;;;;;;
América do Sul;    azapa/chile;-70.23;-23.37 ;Brncic D. (1987), A review of the genus Drosophi ... ;;;;;;;;;
América do Sul;    azapa/chile;-70.23;-23.37 ;Brncic D. and Martinez H. (1990), Lista de ejemplares de Drosoph ... ;;;;;;;;;
América do Sul;    azapa/chile;-70.23;-23.37 ;Heed W.B. and Russell J.S. (1971), Phylogeny and Population Struc ... ;;;;;;;;;
América do Sul;    rio ligeiro/pa;-52.31;-23.37;Sene F.M. et al. (1980), Preliminary data on the geogra ... ;;;;;;;;;
América do Sul;    rio ligeiro/pa;-52.31;-23.37;Vilela C.R. et al. (2002), Preliminary data on the geogra ... ;;;;;;;;;
América do Sul;    antofagasta; -70.23;-23.40;Brncic D. (1987), A review of the genus Drosophi ... ;;;;;;;;;
América do Sul;    antofagasta;-70.23;-23.40;Brncic D. and Martinez H. (1990), Lista de ejemplares de Drosoph ... ;;;;;;;;;
América do Sul;    boraceia/sp;-43.50;-23.40;Val F.C. and Kaneshiro K.Y. (1988), Drosophilidae (Diptera) from t ... ;;;;;;;;;
América do Sul;    guaratuba/sp;-45.53;-23.50;Sene F.M. et al. (1980), Preliminary data on the geogra ... ;;;;;;;;;
América do Sul;    guaratuba/sp;-45.53;-23.50 ;Vilela C.R. et al. (2002), Preliminary data on the geogra ... ;;;;;;;;;
América do Sul;    senges; -49.23;-24.07;Mateus R.P. et al. (2006), The Drosophila community in xe ... ;;;;;;;;;
América do Sul;    peruibe/sp;-46.55;-24.14;Sene F.M. et al. (1980), Preliminary data on the geogra ... ;;;;;;;;;
América do Sul;    peruibe/sp;-46.55;-24.14;Sene F.M. et al. (1981), Influence of different ways to ... ;;;;;;;;;
América do Sul;    peruibe/sp;-46.55;-24.14 ;Vilela C.R. et al. (2002), Preliminary data on the geogra ... ;;;;;;;;;
América do Sul;    peruibe/sp;-46.55;-24.14;Vilela C.R. et al. (2002), Preliminary data on the geogra ... ;;;;;;;;;
América do Sul;    canyon guartela;-50.18;-24.32;Mateus R.P. et al. (2006), The Drosophila community in xe ... ;;;;;;;;;
América do Sul;    eldorado/rgs; -48.08;-24.33;Napp M. and Cordeiro A.R. (1978), Genetic variability and disequ ... ;;;;;;;;;
América do Sul;    salto santa rosa;-50.33;-24.37;Mateus R.P. et al. (2006), The Drosophila community in xe ... ;;;;;;;;;
América do Sul;la vina;-65.33;-25.30;Vilela C.R. et al. (2002), Preliminary data on the geogra ... ;;;;;;;;;
América do Sul;    joinville/sc; -48.51;-26.18 ;Doge J.S. et al. (2008), Drosophilids (Diptera) from an ... ;;;;;;;;;
América do Sul;    tapia;-65.22;-26.32 ;Vilela C.R. et al. (2002), Preliminary data on the geogra ... ;;;;;;;;;
América do Sul;    barra velha/sc;-48.42;-26.37;Vilela C.R. et al. (2002), Preliminary data on the geogra ... ;;;;;;;;;
América do Sul;    puerto tirol;-59.10;-27.18 ;Vilela C.R. et al. (2002), Preliminary data on the geogra ... ;;;;;;;;;
América do Sul;    ratones;-48.30;-27.27;Schmitz H.J. et al. (2007), Taxonomic Survey of Drosophili ... ;;;;;;;;;
América do Sul;    resistencia;-59.00;-27.28;Vilela C.R. et al. (2002), Preliminary data on the geogra ... ;;;;;;;;;
América do Sul;    florianopolis/sc;-48.32;-27.35 ;Gottschalk M.S. et al. (2007), Changes in Brazilian Drosophil ... ;;;;;;;;;
América do Sul;    itacorubi;-48.31;-27.35;Schmitz H.J. et al. (2007), Taxonomic Survey of Drosophili ... ;;;;;;;;;
América do Sul;    itaqui/rs;-56.33;-29.09;Robe L.J. et al. (2010), Taxonomic boundaries, phylogen ... ;;;;;;;;;
América do Sul;    itaqui/rs;-56.33;-29.09; phylogen ... ;;;;;;;;;
América do Sul;    esteio; -51.11;-29.52 ;Martins M.B. (2001), Drosophilid Fruit-Fly Guilds i ... ;;;;;;;;;
América do Sul;    restinga/rgs; -53.25;-29.55;Napp M. and Cordeiro A.R. (1978), Genetic variability and disequ ... ;;;;;;;;;
América do Sul;    tramandai/rs;-50.13;-29.55 ;Sene F.M. et al. (1980), Preliminary data on the geogra ... ;;;;;;;;;
América do Sul;    tramandai/rs;-50.13;-29.55 ;Vilela C.R. et al. (2002), Preliminary data on the geogra ... ;;;;;;;;;
América do Sul;    chile; -70.00;-30.00 ;Napp M. and Cordeiro A.R. (1981), Interspecific relationships in ... ;;;;;;;;;
América do Sul;    guaritas/rs; -53.20;-30.45;Vilela C.R. et al. (2002), Preliminary data on the geogra ... ;;;;;;;;;
América do Sul;    valparaiso/chile;-70.40;-33.05;Brncic D. (1987), A review of the genus Drosophi ... ;;;;;;;;;
América do Sul;    el tabo;-71.40;-33.31;Brncic D. (1987), A review of the genus Drosophi ... ;;;;;;;;;
América do Sul;    san miguel de tucuman;-65.00;-35.00 ;Vilela C.R. et al. (2002), Preliminary data on the geogra ... ;;;;;;;;;
América do Norte;    honolulu;-157,5;21,19; Herforth R.S. et al. (1984); A new arrival to the Hawaiian ...;;;;;;;;
América do Norte;  hawaii;-155,4;19,55; Anonymous XXX. (1986); New immigrant records for the ...;;;;;;;;
América do Norte;    hawaii;-155,4;19,55; Kaneshiro K. (1986); Drosophila cardini Sturtevant. ...;;;;;;;;
América do Norte;    hawaii;-155,4;19,55; Leblanc L. et al. (2109); New Immigrant Drosophilidae in ...;;;;;;;;
América do Norte;    monterey;-120,3;34,3; Stalker H.D. (1953); Taxonomy and hybridization in ...;;;;;;;;
América do Norte;    ensenada/bcn;-116,37;32,52; Heed W.B. and Russell J.S. (1971); Phylogeny and Population Struc ...;;;;;;;;
América do Norte;    arizona;-112;35; Patterson J.T. (1943); The Drosophilidae of the South ...;;;;;;;;
América do Norte;    chiricahua mountains/az;-109,23;31,56; Patterson J.T. and Wagner R.P. (1943); Geographical distribution of s ...;;;;;;;;
América do Norte;    chinipas;-108,32;27,22; Heed W.B. and Russell J.S. (1971); Phylogeny and Population Struc ...;;;;;;;;
América do Norte;    culiacan/sin;-107,27;24,27; Gallo A.J. and Salceda V.M. (1974); Drosophila collections from fo ...;;;;;;;;
América do Norte;    san rafael oribo;-106;30; Heed W.B. and Russell J.S. (1971); Phylogeny and Population Struc ...;;;;;;;;
América do Norte;    durango/dur;-104,4;24,01; Stalker H.D. (1953); Taxonomy and hybridization in ...;;;;;;;;
América do Norte;    tamaulipas;-104,2;35,5; Patterson J.T. (1943); The Drosophilidae of the South ...;;;;;;;;
América do Norte;    jalisco/jal;-104;20; Patterson J.T. (1943); The Drosophilidae of the South ...;;;;;;;;
América do Norte;    fort davis/tx;-103,54;30,35; Patterson J.T. and Wagner R.P. (1943); Geographical distribution of s ...;;;;;;;;
América do Norte;    tequila/jal;-103,5;20,53; Patterson J.T. and Mainland G.B. (1944); The Drosophilidae of Mexico. ...;;;;;;;;
América do Norte;    chisos/tx;-103,2;29,15; Patterson J.T. and Wagner R.P. (1943); Geographical distribution of s ...;;;;;;;;
América do Norte;    jacona/mic;-102,19;19,58; Patterson J.T. and Mainland G.B. (1944); The Drosophilidae of Mexico. ...;;;;;;;;
América do Norte;    camecuaro/mic;-102,17;19,55; Patterson J.T. and Mainland G.B. (1944); The Drosophilidae of Mexico. ...;;;;;;;;
América do Norte;    uruapan/mic;-102,04;19,26; Gallo A.J. and Salceda V.M. (1974); Drosophila collections from fo ...;;;;;;;;
América do Norte;    uruapan/mic;-102,04;19,26; Patterson J.T. and Mainland G.B. (1944); The Drosophilidae of Mexico. ...;;;;;;;;
América do Norte;    michoacan;-102;21; Patterson J.T. (1943); The Drosophilidae of the South ...;;;;;;;;
América do Norte;    coahuila/coa;-101,4;27; Patterson J.T. (1943); The Drosophilidae of the South ...;;;;;;;;
América do Norte;    patzcuaro/mic;-101,38;19,3; Patterson J.T. and Mainland G.B. (1944); The Drosophilidae of Mexico. ...;;;;;;;;
América do Norte;    san luis potosi;-101;22,1; Patterson J.T. (1943); The Drosophilidae of the South ...;;;;;;;;
América do Norte;    huichihuayan/slp;-101;23; Patterson J.T. and Mainland G.B. (1944); The Drosophilidae of Mexico. ...;;;;;;;;
América do Norte;saltillo/coa;-101;25,3; Patterson J.T. and Mainland G.B. (1944); The Drosophilidae of Mexico.;;;;;;;;
América do Norte;    sterling city/nm;-101;31,5; Patterson J.T. and Wagner R.P. (1943); Geographical distribution of s ...;;;;;;;;
América do Norte;    del rio/tx;-100,56;29,23; Patterson J.T. and Wagner R.P. (1943); Geographical distribution of s ...;;;;;;;;
América do Norte;    guerrero;-100,22;28,21; Patterson J.T. (1943); The Drosophilidae of the South ...;;;;;;;;
América do Norte;    monterrey/nul;-100,19;25,4; Hsu T.C. (1949); The external genital apparatus ...;;;;;;;;
América do Norte;    monterrey/nul;-100,19;25,4; Patterson J.T. and Mainland G.B. (1944); The Drosophilidae of Mexico. ...;;;;;;;;
América do Norte;    sabinas/nul;-100,1;26,33; Patterson J.T. and Mainland G.B. (1944); The Drosophilidae of Mexico. ... ;;;;;;;;
América do Norte;    mexico;-100;20; Napp M. and Cordeiro A.R. (1981); Interspecific relationships in ...;;;;;;;;
América do Norte;    mexico;-100;20; Vargas L. (1954); Lista de las especies de Droso ...;;;;;;;;
América do Norte;    nuevo leon;-100;25; Patterson J.T. (1943); The Drosophilidae of the South ...;;;;;;;;
América do Norte;    williamson/tx;-100;30; Patterson J.T. and Wagner R.P. (1943); Geographical distribution of s ...;;;;;;;;
América do Norte;    acapulco/gue;-99,56;16,51; Patterson J.T. and Mainland G.B. (1944); The Drosophilidae of Mexico. ...;;;;;;;;
América do Norte;    hualahuises/nul;-99,42;24,56; Patterson J.T. and Mainland G.B. (1944); The Drosophilidae of Mexico. ...;;;;;;;;
América do Norte;    taxco/gue;-99,36;18,33; Patterson J.T. and Mainland G.B. (1944); The Drosophilidae of Mexico. ...;;;;;;;;
América do Norte;    zumpango/gue;-99,3;17,39; Patterson J.T. and Mainland G.B. (1944); The Drosophilidae of Mexico. ...;;;;;;;;
América do Norte;    zempoala/mex;-99,19;19,03; Patterson J.T. and Mainland G.B. (1944); The Drosophilidae of Mexico. ...;;;;;;;;
América do Norte;    alpuyeca/mor;-99,16;18,44; Patterson J.T. and Mainland G.B. (1944); The Drosophilidae of Mexico. ...;;;;;;;;
América do Norte;    cuernavaca/mor;-99,15;18,57; Heed W.B. and Russell J.S. (1971); Phylogeny and Population Struc ...;;;;;;;;
América do Norte;    desierto de los leones;-99,12;19,2; Patterson J.T. and Mainland G.B. (1944); The Drosophilidae of Mexico. ...;;;;;;;;
América do Norte;    jacala/hid;-99,12;21,01; Patterson J.T. and Mainland G.B. (1944); The Drosophilidae of Mexico. ...;;;;;;;;
América do Norte;    mexico city;-99,08;19,23; Patterson J.T. (1943); The Drosophilidae of the South ...;;;;;;;;
América do Norte;    mexico city;-99,08;19,23; Stalker H.D. (1953); Taxonomy and hybridization in ...;;;;;;;;
América do Norte;    morelos;-99;19; Patterson J.T. (1943); The Drosophilidae of the South ...;;;;;;;;
América do Norte;    matlapa/slp;-99;21; Patterson J.T. and Mainland G.B. (1944); The Drosophilidae of Mexico. ...;;;;;;;;
América do Norte;    guemez/tam;-99;23,56; Patterson J.T. and Mainland G.B. (1944); The Drosophilidae of Mexico. ...;;;;;;;;
América do Norte;    llera/tam;-99;24; Patterson J.T. and Mainland G.B. (1944); The Drosophilidae of Mexico. ...;;;;;;;;
América do Norte;    ciudad mante/tam;-98,59;22,44; Patterson J.T. and Mainland G.B. (1944); The Drosophilidae of Mexico. ...;;;;;;;;
América do Norte;    tamazunchale/slp;-98,47;21,16; Patterson J.T. and Mainland G.B. (1944); The Drosophilidae of Mexico. ...;;;;;;;;
América do Norte;    san antonio/tx;-98,3;29,25; Patterson J.T. and Wagner R.P. (1943); Geographical distribution of s ...;;;;;;;;
América do Norte;    atlixco/pue;-98,26;18,55; Patterson J.T. and Mainland G.B. (1944); The Drosophilidae of Mexico. ...;;;;;;;;
América do Norte;    atlixco/pue;-98,26;18,55; Stalker H.D. (1953); Taxonomy and hybridization in ...;;;;;;;;
América do Norte;    mcallen/tx;-98,14;26,12; Patterson J.T. and Wagner R.P. (1943); Geographical distribution of s ...;;;;;;;;
América do Norte;    hidalgo/tam;-98,12;26,03; Patterson J.T. and Mainland G.B. (1944); The Drosophilidae of Mexico. ...;;;;;;;;
América do Norte;    grand canyon/tx;-98,12;31,03; Patterson J.T. and Wagner R.P. (1943); Geographical distribution of s ...;;;;;;;;
América do Norte;    edinburg/tx;-98,1;26,18; Patterson J.T. and Wagner R.P. (1943); Geographical distribution of s ...;;;;;;;;
América do Norte;    alice/tx;-98,04;27,45; Patterson J.T. and Wagner R.P. (1943); Geographical distribution of s ...;;;;;;;;
América do Norte;    weslaco/tx;-97,59;26,1; Patterson J.T. and Wagner R.P. (1943); Geographical distribution of s ...;;;;;;;;
América do Norte;    weslaco/tx;-97,59;26,1; Yoon J.S. (1984); Drosophila species stock list ...;;;;;;;;
América do Norte;    weslaco/tx;-97,59;26,1; Yoon J.S. (1990); Drosophila species stock list ...;;;;;;;;
América do Norte;    weslaco/tx;-97,59;26,1; Yoon Z. (1996); Stock List. National Drosophil ...;;;;;;;;
América do Norte;    tampico/tam;-97,52;22,18; Patterson J.T. and Mainland G.B. (1944); The Drosophilidae of Mexico. ...;;;;;;;;
América do Norte;    petlalcingo/pue;-97,51;18,08; Patterson J.T. and Mainland G.B. (1944); The Drosophilidae of Mexico. ...;;;;;;;;
América do Norte;    huajuapan de leon/oxa;-97,48;17,5; Heed W.B. and Russell J.S. (1971); Phylogeny and Population Struc ...;;;;;;;;
América do Norte;    austin/tx;-97,44;30,16; Patterson J.T. (1943); The Drosophilidae of the South ...;;;;;;;;
América do Norte;    austin/tx;-97,44;30,16; Patterson J.T. and Wagner R.P. (1943); Geographical distribution of s ...;;;;;;;;
América do Norte;    austin/tx;-97,44;30,16; Spencer W.P. (1957); Genetic studies on Drosophila ...;;;;;;;;
América do Norte;    harlingen/tx;-97,43;26,12; Patterson J.T. and Wagner R.P. (1943); Geographical distribution of s ...;;;;;;;;
América do Norte;    teziutlan/pue;-97,22;19,49; Heed W.B. and Russell J.S. (1971); Phylogeny and Population Struc ...;;;;;;;;
América do Norte;    teziutlan/pue;-97,22;19,49; Kambysellis M.P. (1968); Comparative studies of oogenes ...;;;;;;;;
América do Norte;    teziutlan/pue;-97,22;19,49; Throckmorton L.H. (1962); The Problem of Phylogeny in th ...;;;;;;;;
América do Norte;    teziutlan/pue;-97,22;19,49; Yoon J.S. (1984); Drosophila species stock list ...;;;;;;;;
América do Norte;    teziutlan/pue;-97,22;19,49; Yoon J.S. (1990); Drosophila species stock list ...;;;;;;;;
América do Norte;    teziutlan/pue;-97,22;19,49; Yoon Z. (1996); Stock List. National Drosophil ...;;;;;;;;
América do Norte;    cordoba/vcr;-96,55;18,55; Patterson J.T. and Mainland G.B. (1944); The Drosophilidae of Mexico. ...;;;;;;;;
América do Norte;    oaxaca/oxa;-96,44;17,02; Stalker H.D. (1953); Taxonomy and hybridization in ...;;;;;;;;
América do Norte;    oaxaca city;-96,41;17,05; Heed W.B. and Russell J.S. (1971); Phylogeny and Population Struc ...;;;;;;;;
América do Norte;    puente nacional/vcr;-96,3;19,3; Patterson J.T. and Mainland G.B. (1944); The Drosophilidae of Mexico. ...;;;;;;;;
América do Norte;    veracruz/vcr;-96,1;19,11; Gallo A.J. and Salceda V.M. (1974); Drosophila collections from fo ...;;;;;;;;
América do Norte;    tehuantepec/oxa;-95,13;16,21; Heed W.B. and Russell J.S. (1971); Phylogeny and Population Struc ...;;;;;;;;
América do Norte;    minatitlan/vcr;-94,32;17,59; Heed W.B. and Russell J.S. (1971); Phylogeny and Population Struc ...;;;;;;;;
América do Norte;    jalapa/vcr;-92,48;17,45; Patterson J.T. and Mainland G.B. (1944); The Drosophilidae of Mexico. ...;;;;;;;;
América do Norte;    merida/mex;-89,39;20,59; Heed W.B. and Russell J.S. (1971); Phylogeny and Population Struc ...;;;;;;;;
América do Norte;    merida/mex;-89,39;20,59; Yoon J.S. (1984); Drosophila species stock list ...;;;;;;;;
América do Norte;    hammock;-85,01;30,27; Heed W.B. and Russell J.S. (1971); Phylogeny and Population Struc ...;;;;;;;;
América do Norte;    lexington/ky;-84,3;38,02; Dawson W.D. (1960); Studies of the overwintering p ...;;;;;;;;
América do Norte;    homestead/fl;-82,44;31,02; Heed W.B. and Russell J.S. (1971); Phylogeny and Population Struc ...;;;;;;;;
América do Norte;    homestead/fl;-82,44;31,02; Yoon J.S. (1984); Drosophila species stock list ...;;;;;;;;
América do Norte;    saint petersburg/fl;-82,4;27,45; Stalker H.D. (1953); Taxonomy and hybridization in ...;;;;;;;;
América do Norte;    tampa/fl;-82,38;27,58; Sturtevant A.H. (1921); The North American Species of ...;;;;;;;;
América do Norte;    withlacoochee/fl;-82,3;29; Patterson J.T. and Wagner R.P. (1943); Geographical distribution of s ... ;;;;;;;;
América do Norte;    don pedro/fl;-82,16;24,3; Simunovic A. and Jaenike J. (2006); Adaptive variation among Droso ...;;;;;;;;
América do Norte;    myakka/fl;-82,16;27,19; Patterson J.T. and Wagner R.P. (1943); Geographical distribution of s ...;;;;;;;;
América do Norte;    myakka head/fl;-82,15;27,2; Dudgeon E. (1954); Species Differences in the Uti ...;;;;;;;;
América do Norte;    myakka head/fl;-82,15;27,2; Stalker H.D. (1953); Taxonomy and hybridization in ...;;;;;;;;
América do Norte;    lakeland/fl;-81,59;28,02; Sturtevant A.H. (1921); The North American Species of ...;;;;;;;;
América do Norte;    collier/fl;-81,35;25,59; Patterson J.T. and Wagner R.P. (1943); Geographical distribution of s ...;;;;;;;;
América do Norte;    avon park/fl;-81,3;27,36; Patterson J.T. and Wagner R.P. (1943); Geographical distribution of s ...;;;;;;;;
América do Norte;    florida;-81,3;27,4; Patterson J.T. (1943); The Drosophilidae of the South ...;;;;;;;;
América do Norte;    florida;-81,3;27,4; Townsend J.I. and Wheeler M.R. (1955); Notes on Puerto Rican Drosophi ...;;;;;;;;
América do Norte;    everglades park/fl;-81,22;26,52; Dudgeon E. (1954); Species Differences in the Uti ...;;;;;;;;
América do Norte;    everglades/fl;-81,22;26,52; Heed W.B. and Russell J.S. (1971); Phylogeny and Population Struc ...;;;;;;;;
América do Norte;    everglades/fl;-81,22;26,52; Stalker H.D. (1953); Taxonomy and hybridization in ...;;;;;;;;
América do Norte;  lake placid/fl;-81,22;27,18; Stalker H.D. (1953); Taxonomy and hybridization in ...;;;;;;;;
América do Norte;    orlando/fl;-81,21;28,33; Patterson J.T. and Wagner R.P. (1943); Geographical distribution of s ...;;;;;;;;
América do Norte;    orlando/fl;-81,21;28,33; Sturtevant A.H. (1921); The North American Species of ...;;;;;;;;
América do Norte;    monroe/fl;-81,17;28,5; Patterson J.T. and Wagner R.P. (1943); Geographical distribution of s ...;;;;;;;;
América do Norte;    daytona/fl;-81,01;29,11; Sturtevant A.H. (1921); The North American Species of ...;;;;;;;;
América do Norte;    lake mckethan/fl;-81;27; Patterson J.T. and Wagner R.P. (1943); Geographical distribution of s ...;;;;;;;;
América do Norte;    mayakka;-81;27; Heed W.B. and Russell J.S. (1971); Phylogeny and Population Struc ...;;;;;;;;
América do Norte;    royal palm park/fl;-81;27; Patterson J.T. and Wagner R.P. (1943); Geographical distribution of s ...;;;;;;;;
América do Norte;    lake okeechobee/fl;-80,5;27,14; Patterson J.T. and Wagner R.P. (1943); Geographical distribution of s ...;;;;;;;;
América do Norte;    lake okeechobee/fl;-80,5;27,14; Wharton L.T. (1943); Analysis of the metaphase and ...;;;;;;;;
América do Norte;    lake okeechobee/fl;-80,5;27,14; Wheeler M.R. (1949); Taxonomic studies on the Droso ... ;;;;;;;;
América do Norte;    pahokee/fl;-80,4;26,49; Patterson J.T. and Wagner R.P. (1943); Geographical distribution of s ...;;;;;;;;
América do Norte;    palatka/fl;-80,4;29,38; Patterson J.T. and Wagner R.P. (1943); Geographical distribution of s ...;;;;;;;;
América do Norte;    coral gables/fl;-80,16;25,42; Ehrman L. and Miller T. (1982); Florida Drosophila. ...;;;;;;;;
América do Norte;    miami;-80,15;25,45; Sturtevant A.H. (1916); Notes on North American Drosop ...;;;;;;;;
América do Norte;    miami/fl;-80,15;25,45; Patterson J.T. and Wagner R.P. (1943); Geographical distribution of s ...;;;;;;;;
América do Norte;    miami/fl;-80,15;25,45; Stalker H.D. (1953); Taxonomy and hybridization in ...;;;;;;;;
América do Norte;    miami/fl;-80,15;25,45; Sturtevant A.H. (1921); The North American Species of ...;;;;;;;;
América do Norte;    broward;-80,1;25,05; Marron M.T. et al. (2003); Effects of starvation and desi ...;;;;;;;;
América do Norte;    fort lauderdale/fl;-80,08;26,08; Sturtevant A.H. (1921); The North American Species of ...;;;;;;;;
América do Norte;    pompano/fl;-80,07;26,14; Hunter A.S. (1981); Drosophila of Pompano Beach;;;;;;;;
América Central;santa ana/es; -89.31;14.00 ; Clayton F.E. and Wasserman M. (1957); Chromosomal studies of several ... ;;;;;;;;
América Central;san salvador/es; -89.10;13.40 ; Clayton F.E. and Wasserman M. (1957); Chromosomal studies of several ... ;;;;;;;;
América Central;el salvador; -88.55;14.45 ; Heed W.B. (1956); Apuntes sobre la ecologia y la ... ;;;;;;;;
América Central;el salvador; -88.55;14.45 ; Heed W.B. (1957); Ecological and distributional ... ;;;;;;;;
América Central;san vicente/es; -88.42;13.38 ; Clayton F.E. and Wasserman M. (1957); Chromosomal studies of several ... ;;;;;;;;
América Central;port limon/cr; -85.00;10.00 ; Sturtevant A.H. (1916); Notes on North American Drosop ... ;;;;;;;;
América Central;port limon/cr; -85.00;10.00 ; Sturtevant A.H. (1921); The North American Species of ... ;;;;;;;;
América Central;santa maria de ostuma; -85.00;12.00 ; Clayton F.E. and Wasserman M. (1957); Chromosomal studies of several ... ;;;;;;;;
América Central;palmar del norte; -84.08;10.00 ; Heed W.B. and Russell J.S. (1971); Phylogeny and Population Struc ... ;;;;;;;;
América Central;san jose/cr; -84.04;9.59 ; Sturtevant A.H. (1916); Notes on North American Drosop ... ;;;;;;;;
América Central;san jose/cr; -84.04;9.59 ; Sturtevant A.H. (1921); The North American Species of ...;;;;;;;;
América Central;suiza de turrialba; -83.40;9.56 ; Duda O. (1925); Die costaricanischen Drosophil ... ;;;;;;;;
América Central;el volcan/panama; -82.40;8.45 ; Pipkin S.B. (1965); The Influence of Adult and Lar ... ;;;;;;;;
América Central;boquete; -82.28;8.46 ; Heed W.B. and Russell J.S. (1971); Phylogeny and Population Struc ... ;;;;;;;;
América Central;almirante; -82.22;9.20 ; Pipkin S.B. (1965); The Influence of Adult and Lar ... ;;;;;;;;
América Central;cerro campana; -81.17;8.26 ; Pipkin S.B. (1965); The Influence of Adult and Lar ... ;;;;;;;;
América Central;el valle/panama; -80.08;8.36 ; Pipkin S.B. (1965); The Influence of Adult and Lar ... ;;;;;;;;
América Central;goofy lake; -80.00;11.00 ; Pipkin S.B. (1965); The Influence of Adult and Lar ... ;;;;;;;;
América Central;madden forest; -80.00;11.00 ; Pipkin S.B. (1965); The Influence of Adult and Lar ... ;;;;;;;;
América Central;fort sherman; -79.57;9.21 ; Pipkin S.B. (1965); The Influence of Adult and Lar ... ;;;;;;;;
América Central;capira; -79.51;8.48 ; Pipkin S.B. (1965); The Influence of Adult and Lar ... ;;;;;;;;
América Central;barro colorado; -79.50;9.08 ; Pipkin S.B. (1965); The Influence of Adult and Lar ... ;;;;;;;;
América Central;frijoles; -79.48;9.11 ; Pipkin S.B. (1965); The Influence of Adult and Lar ... ;;;;;;;;
América Central;camaron; -79.34;8.59 ; Pipkin S.B. (1965); The Influence of Adult and Lar ... ;;;;;;;;
América Central;panama; -79.00;9.00 ; Sturtevant A.H. (1916); Notes on North American Drosop ... ;;;;;;;;
América Central;panama; -79.00;9.00 ; Sturtevant A.H. (1921); The North American Species of ... ;;;;;;;;
América Central;el real/panama; -77.42;8.06 ; Pipkin S.B. (1965); The Influence of Adult and Lar ...;;;;;;;;
Ilhas do Caribe;    cristo;-88,21;23,08; Sturtevant A.H. (1916); Notes on North American Drosop ...;;;;;;;;
Ilhas do Caribe;    cristo;-88,21;23,08; Sturtevant A.H. (1921); The North American Species of ...;;;;;;;;
Ilhas do Caribe;    herradura/cuba;-83,25;22,31; Sturtevant A.H. (1916); Notes on North American Drosop ...;;;;;;;;
Ilhas do Caribe;    herradura/cuba;-83,25;22,31; Sturtevant A.H. (1921); The North American Species of ...;;;;;;;;
Ilhas do Caribe;    havana/cuba;-82,25;23,07; Bachli G. (1988); A catalogue of the types in th ...;;;;;;;;
Ilhas do Caribe;    havana/cuba;-82,25;23,07; MSNM Collection (1986); Museo civico di Storia natural ...;;;;;;;;
Ilhas do Caribe;    havana/cuba;-82,25;23,07; Stalker H.D. (1953); Taxonomy and hybridization in ...;;;;;;;;
Ilhas do Caribe;    havana/cuba;-82,25;23,07; Sturtevant A.H. (1916); Notes on North American Drosop ...;;;;;;;;
Ilhas do Caribe;    havana/cuba;-82,25;23,07; Sturtevant A.H. (1921); The North American Species of ...;;;;;;;;
Ilhas do Caribe;    havana/cuba;-82,25;23,07; Vilela C.R. et al. (2002); Preliminary data on the geogra ...;;;;;;;;
Ilhas do Caribe;    havana/cuba;-82,25;23,07; Wheeler M.R. (1970); Family Drosophilidae. In: A Ca ...;;;;;;;;
Ilhas do Caribe;    georgetown/cayman;-81,23;19,2; Heed W.B. and Russell J.S. (1971); Phylogeny and Population Struc ...;;;;;;;;
Ilhas do Caribe;    grand cayman;-81,15;19,2; Yoon J.S. (1990); Drosophila species stock list ...;;;;;;;;
Ilhas do Caribe;    grand cayman;-81,15;19,2; Yoon Z. (1996); Stock List. National Drosophil ...;;;;;;;;
Ilhas do Caribe;    aguada pasajeros;-81,07;22,31; Sturtevant A.H. (1916); Notes on North American Drosop ...;;;;;;;;
Ilhas do Caribe;    aguada pasajeros;-81,07;22,31; Sturtevant A.H. (1921); The North American Species of ...;;;;;;;;
Ilhas do Caribe;    jamaica;-78;18; Gowdey C.C. (1926); Catalogus insectorum jamaicens ...;;;;;;;;
Ilhas do Caribe;    jamaica;-78;18; Napp M. and Cordeiro A.R. (1981); Interspecific relationships in ...;;;;;;;;
Ilhas do Caribe;    contramaestre;-77,55;21,11; Heed W.B. and Russell J.S. (1971); Phylogeny and Population Struc ...;;;;;;;;
Ilhas do Caribe;    contramaestre;-77,55;21,11; Yoon J.S. (1984); Drosophila species stock list ...;;;;;;;;
Ilhas do Caribe;    contramaestre;-77,55;21,11; Yoon J.S. (1990); Drosophila species stock list ...;;;;;;;;
Ilhas do Caribe;    contramaestre;-77,55;21,11; Yoon Z. (1996); Stock List. National Drosophil ...;;;;;;;;
Ilhas do Caribe;    hermitage/jamaica;-77,53;18,16; Heed W.B. and Russell J.S. (1971); Phylogeny and Population Struc ...;;;;;;;;
Ilhas do Caribe;    cuba;-77,45;21,3; Brisson J.A. et al. (2006); Phylogenetic analysis of the c ...;;;;;;;;
Ilhas do Caribe;    cuba;-77,45;21,3; Metz C.W. (1916); Chromosome studies on the Dipt ...;;;;;;;;
Ilhas do Caribe;    porus/jamaica;-77,25;18,02; Johnson C.W. (1919); A revised list of the Diptera ...;;;;;;;;
Ilhas do Caribe;    strawberry hills/jamaica;-77;18; Heed W.B. and Russell J.S. (1971); Phylogeny and Population Struc ...;;;;;;;;
Ilhas do Caribe;    puerto rico;-77;18; Heed W.B. (1957); A preliminary note on the card ...;;;;;;;;
Ilhas do Caribe;    puerto rico;-77;18; Levins R. (1969); Thermal acclimation and heat r ...;;;;;;;;
Ilhas do Caribe;    puerto rico;-77;18; Napp M. and Cordeiro A.R. (1981); Interspecific relationships in ...;;;;;;;;
Ilhas do Caribe;    rio piedras/pr;-77;18; Townsend J.I. and Wheeler M.R. (1955); Notes on Puerto Rican Drosophi ...;;;;;;;;
Ilhas do Caribe;    constant spring;-76,48;18,03; Heed W.B. and Russell J.S. (1971); Phylogeny and Population Struc ...;;;;;;;;
Ilhas do Caribe;    constant spring;-76,48;18,03; Yoon J.S. (1984); Drosophila species stock list ...;;;;;;;;
Ilhas do Caribe;    santiago de las vegas;-75;20; Sturtevant A.H. (1916); Notes on North American Drosop ...;;;;;;;;
Ilhas do Caribe;    santiago de las vegas;-75;20; Sturtevant A.H. (1921); The North American Species of ...;;;;;;;;
Ilhas do Caribe;    petionville;-72,2;18,3; Heed W.B. and Russell J.S. (1971); Phylogeny and Population Struc ...;;;;;;;;
Ilhas do Caribe;    petionville;-72,2;18,3; Yoon J.S. (1984); Drosophila species stock list ...;;;;;;;;
Ilhas do Caribe;    petionville;-72,2;18,3; Yoon J.S. (1990); Drosophila species stock list ...;;;;;;;;
Ilhas do Caribe;    petionville;-72,2;18,3; Yoon Z. (1996); Stock List. National Drosophil ...;;;;;;;;
Ilhas do Caribe;    constanza;-70,3;19,15; Brisson J.A. et al. (2006); Phylogenetic analysis of the c ...;;;;;;;;
Ilhas do Caribe;    finquita;-70;18,3; Brisson J.A. et al. (2006); Phylogenetic analysis of the c ...;;;;;;;;
Ilhas do Caribe;    sanchez/rd;-69,36;19,15; Sturtevant A.H. (1916); Notes on North American Drosop ...;;;;;;;;
Ilhas do Caribe;    sanchez/rd;-69,36;19,15; Sturtevant A.H. (1921); The North American Species of ...;;;;;;;;
Ilhas do Caribe;    mayaguez/pr;-67,09;18,13; Futch D.G. (1962); Hybridization tests within the ...;;;;;;;;
Ilhas do Caribe;    mayaguez/pr;-67,09;18,13; Heed W.B. and Russell J.S. (1971); Phylogeny and Population Struc ...;;;;;;;;
Ilhas do Caribe;    mayaguez/pr;-67,09;18,13; Martinez Pico M. et al. (1965); Ecology and genetics of Puerto ...;;;;;;;;
Ilhas do Caribe;    mayaguez/pr;-67,09;18,13; Sturtevant A.H. (1916); Notes on North American Drosop ... ;;;;;;;;
Ilhas do Caribe;  mayaguez/pr;-67,09;18,13; Sturtevant A.H. (1921); The North American Species of ...;;;;;;;;
Ilhas do Caribe;    arecibo/pr;-66,44;18,29; Sturtevant A.H. (1916); Notes on North American Drosop ...;;;;;;;;
Ilhas do Caribe;    arecibo/pr;-66,44;18,29; Sturtevant A.H. (1921); The North American Species of ...;;;;;;;;
Ilhas do Caribe;    adjuntas;-66,42;18,1; Sturtevant A.H. (1916); Notes on North American Drosop ...;;;;;;;;
Ilhas do Caribe;    adjuntas;-66,42;18,1; Sturtevant A.H. (1921); The North American Species of ...;;;;;;;;
Ilhas do Caribe;    jayuya;-66,34;18,13; Sturtevant A.H. (1916); Notes on North American Drosop ...;;;;;;;;
Ilhas do Caribe;    jayuya;-66,34;18,13; Sturtevant A.H. (1921); The North American Species of ...;;;;;;;;
Ilhas do Caribe;    caribbean forest;-66;18,1; Townsend J.I. and Wheeler M.R. (1955); Notes on Puerto Rican Drosophi ...;;;;;;;;
Ilhas do Caribe;    maraval/trinidad;-61,31;10,42; Heed W.B. and Russell J.S. (1971); Phylogeny and Population Struc ...;;;;;;;;
Ilhas do Caribe;    trinidad/west;-61,3;10,3; Heed W.B. (1957); A preliminary note on the card ...;;;;;;;;
Ilhas do Caribe;    trinidad/west;-61,3;10,3; Johnson F.M. et al. (1966); An operational classification ...;;;;;;;;
Ilhas do Caribe;    trinidad/west;-61,3;10,3; Napp M. and Cordeiro A.R. (1981); Interspecific relationships in ... ;;;;;;;;
Ilhas do Caribe;    dominica/west;-61,22;15,25; Heed W.B. (1957); A preliminary note on the card ...;;;;;;;;
Ilhas do Caribe;    dominica/west;-61,22;15,25; Sturtevant A.H. (1916); Notes on North American Drosop ...;;;;;;;;
Ilhas do Caribe;    dominica/west;-61,22;15,25; Sturtevant A.H. (1921); The North American Species of ...;;;;;;;;
Ilhas do Caribe;    saint vincent/west;-61,12;13,15; Vilela C.R. and Bachli G. (1990); Taxonomic studies on Neotropic ...;;;;;;;;
Ilhas do Caribe;    saint lucia/west;-61;14; Heed W.B. (1957); A preliminary note on the card ...;;;;;;;;
Ilhas do Caribe;    martinique;-61;14,35; Davis J.R. and Capy P. (1983); Drosophila community in domest ...;;;;;;;;
;;;;;;;;;;;;;
;;;;;;;;;;;;;
;;;;;;;;;;;;;
;;;;;;;;;;;;;