species,region,site,longitude,latitude,ref
willistoni,South America,,,, Cordeiro A.R. et al. (1958)
willistoni,South America,,,, Dobzhansky T. et al. (1952)
willistoni,South America,,,, Malogolowkin C. et al. (1959)
willistoni,South America,,,, Spieth H.T. (1952)
willistoni,South America,,,, Tabachnik W.J. and Powell J.R. (1977)
willistoni,South America,,,, Tondo C.V. et al. (1959)
willistoni,South America,,,, Valente V.L. and de Araujo A.M. (1991)
willistoni,South America,,,, Zouros E. (1979)
willistoni,South America,,,, Acurio A.E. and Rafael V.L. (2009)
willistoni,South America,,,, Rafael V. and Vela D. (2000)
willistoni,South America,,,, de Toledo Cardoso de Mello J. (1971)
willistoni,South America,,,, Dobzhansky T. (1965)
willistoni,South America,,,, Perez-Salas S. (1970)
willistoni,South America,,,, Richmond R.C. and Dobzhansky T. (1976)
willistoni,South America,tavares,-48.32,27.39, Schmitz H.J. et al. (2007)
willistoni,South America,puerto lopez/colombia,-71.17,11.58, Ayala F.J. et al. (1971)
willistoni,South America,santa marta/colombia,-74.1,11.18, Ayala F.J. et al. (1972)
willistoni,South America,santa marta/colombia,-74.1,11.18, Corneo G. et al. (1980)
willistoni,South America,santa marta/colombia,-74.1,11.18, Ehrman L. and Petit C. (1968)
willistoni,South America,santa marta/colombia,-74.1,11.18, Griffith E.C. and Powell J.R. (1997)
willistoni,South America,santa marta/colombia,-74.1,11.18, Hoenigsberg H.F. (1995)
willistoni,South America,santa marta/colombia,-74.1,11.18, Hoenigsberg H.F. (1995)
willistoni,South America,santa marta/colombia,-74.1,11.18, Perez-Salas S. (1970)
willistoni,South America,santa marta/colombia,-74.1,11.18, Petit C. and Ehrman L. (1968)
willistoni,South America,santa marta/colombia,-74.1,11.18, Spassky B. et al. (1971)
willistoni,South America,piojo,-75,11, Ayala F.J. et al. (1972)
willistoni,South America,piojo,-75,11, Ehrman L. and Petit C. (1968)
willistoni,South America,piojo,-75,11, Petit C. and Ehrman L. (1968)
willistoni,South America,piojo,-75,11, Spassky B. et al. (1971)
willistoni,South America,rio catatumbo,-72,11, Ayala F.J. et al. (1974)
willistoni,South America,caracas,-66.56,10.35, Ayala F.J. et al. (1972)
willistoni,South America,rancho grande,-67.3,10.2, Ayala F.J. et al. (1972)
willistoni,South America,rancho grande,-67.3,10.2, Perez-Salas S. (1970)
willistoni,South America,rancho grande,-67.3,10.2, Spassky B. et al. (1971)
willistoni,South America,cumanacoa,-63.58,10.17, Ayala F.J. (1970)
willistoni,South America,cumanacoa,-63.58,10.17, Perez-Salas S. (1970)
willistoni,South America,caripe,-63.3,10.13, Ayala F.J. et al. (1972)
willistoni,South America,caripe,-63.3,10.13, da Cunha A.B. et al. (1959)
willistoni,South America,caripe,-63.3,10.13, Malogolowkin-Cohen C. et al. (1964)
willistoni,South America,caripe,-63.3,10.13, Perez-Salas S. (1970)
willistoni,South America,caripe,-63.3,10.13, Spassky B. et al. (1971)
willistoni,South America,caripito,-63.07,10.07, Ayala F.J. et al. (1974)
willistoni,South America,guri,-69.17,10.05, Ayala F.J. et al. (1974)
willistoni,South America,barquisimeto,-69.18,10.03, Spassky B. et al. (1971)
willistoni,South America,guatopo,-66.28,10.01, Spassky B. et al. (1971)
willistoni,South America,perija,-73,10, Ayala F.J. et al. (1972)
willistoni,South America,marrero,-70,10, Spassky B. et al. (1971)
willistoni,South America,vigia,-70,10, Spassky B. et al. (1971)
willistoni,South America,sarare,-69.2,10, Ayala F.J. (1970)
willistoni,South America,sarare,-69.2,10, Perez-Salas S. (1970)
willistoni,South America,sarare,-69.2,10, Spassky B. et al. (1971)
willistoni,South America,tuy,-66,10, Ayala F.J. (1970)
willistoni,South America,tuy,-66,10, Perez-Salas S. (1970)
willistoni,South America,tuy,-66,10, Spassky B. et al. (1971)
willistoni,South America,venezuela,-65,10, Hunter A.S. (1970)
willistoni,South America,caicara/venezuela,-63.38,9.52, Richmond R.C. and Dobzhansky T. (1976)
willistoni,South America,araguita,-67.47,9.46, Malogolowkin-Cohen C. et al. (1964)
willistoni,South America,tucupita,-62.04,9.02, Ayala F.J. et al. (1974)
willistoni,South America,tucupita,-62.04,9.02, Zouros E. (1979)
willistoni,South America,barrancas/venezuela,-70.07,8.47, Spassky B. et al. (1971)
willistoni,South America,monteria,-75.54,8.45, da Cunha A.B. et al. (1959)
willistoni,South America,monteria,-75.54,8.45, Spassky B. et al. (1971)
willistoni,South America,cordoba/colombia,-75.54,8.24, Petit C. and Ehrman L. (1968)
willistoni,South America,merida/venezuela,-71.08,8.24, Perez-Salas S. (1970)
willistoni,South America,merida/venezuela,-71.08,8.24, Spassky B. et al. (1971)
willistoni,South America,turbo,-76.44,8.06, Ayala F.J. (1970)
willistoni,South America,turbo,-76.44,8.06, Ayala F.J. et al. (1972)
willistoni,South America,turbo,-76.44,8.06, Ehrman L. and Petit C. (1968)
willistoni,South America,turbo,-76.44,8.06, Petit C. and Ehrman L. (1968)
willistoni,South America,turbo,-76.44,8.06, Spassky B. et al. (1971)
willistoni,South America,llanos,-76,8, Ayala F.J. (1970)
willistoni,South America,llanos,-76,8, Krimbas C.B. (1959)
willistoni,South America,llanos,-76,8, Perez-Salas S. (1970)
willistoni,South America,llanos,-76,8, Spassky B. et al. (1971)
willistoni,South America,la victoria/colombia,-75,8, Hunter A.S. (1966)
willistoni,South America,las mesitas,-75,8, Hunter A.S. (1966)
willistoni,South America,teresita,-77,7.3, Ayala F.J. (1970)
willistoni,South America,teresita,-77,7.3, Ayala F.J. et al. (1972)
willistoni,South America,maripa,-65.1,7.24, Richmond R.C. and Dobzhansky T. (1976)
willistoni,South America,bucaramanga,-73.1,7.08, Ayala F.J. (1970)
willistoni,South America,bucaramanga,-73.1,7.08, da Cunha A.B. et al. (1959)
willistoni,South America,bucaramanga,-73.1,7.08, Dobzhansky T. (1957)
willistoni,South America,bucaramanga,-73.1,7.08, Dobzhansky T. (1965)
willistoni,South America,bucaramanga,-73.1,7.08, Perez-Salas S. (1970)
willistoni,South America,bucaramanga,-73.1,7.08, Spassky B. et al. (1971)
willistoni,South America,la paragua,-63.22,6.53, Richmond R.C. and Dobzhansky T. (1976)
willistoni,South America,georgetown/guyana,-58.1,6.46, Malogolowkin-Cohen C. et al. (1964)
willistoni,South America,georgetown/guyana,-58.1,6.46, Perez-Salas S. (1970)
willistoni,South America,georgetown/guyana,-58.1,6.46, Spassky B. et al. (1971)
willistoni,South America,eldorado/venezuela,-61.37,6.45, Ayala F.J. et al. (1974)
willistoni,South America,malaga/colombia,-72.45,6.44, Ayala F.J. et al. (1972)
willistoni,South America,tame,-71.42,6.27, Atrian-Ventura S. and Gonzalez-Duarte R. (1982)
willistoni,South America,tame,-71.42,6.27, Ayala F.J. et al. (1971)
willistoni,South America,tame,-71.42,6.27, Corneo G. et al. (1980)
willistoni,South America,betoyes,-71.12,6.27, Ayala F.J. et al. (1971)
willistoni,South America,kanuku,-60,6, Ayala F.J. et al. (1972)
willistoni,South America,barinitas,-70.26,5.45, Ayala F.J. et al. (1974)
willistoni,South America,puerto ayacucho,-67.32,5.39, Ayala F.J. et al. (1972)
willistoni,South America,puerto ayacucho,-67.32,5.39, Perez-Salas S. (1970)
willistoni,South America,puerto ayacucho,-67.32,5.39, Spassky B. et al. (1971)
willistoni,South America,choco,-76.49,5.15, Spassky B. et al. (1971)
willistoni,South America,san juan de manapiare,-66.07,5.06, Richmond R.C. and Dobzhansky T. (1976)
willistoni,South America,villeta/colombia,-74.28,5.01, Hunter A.S. (1966)
willistoni,South America,sierra nevada de s. m.,-75,5, da Cunha A.B. et al. (1959)
willistoni,South America,sierra nevada de s. m.,-75,5, Dobzhansky T. (1957)
willistoni,South America,villa cristina,-75,5, Hoenigsberg H.F. et al. (1977)
willistoni,South America,guyana,-58,5, Ayala F.J. (1970)
willistoni,South America,skeldon,-58,5, Spassky B. et al. (1971)
willistoni,South America,melgar,-74.1,4.5, Hoenigsberg H.F. et al. (1977)
willistoni,South America,mesitas/colombia,-71.1,4.5, Hoenigsberg H.F. et al. (1977)
willistoni,South America,mesitas/colombia,-71.1,4.5, Hoenigsberg H.F. et al. (1977)
willistoni,South America,mesitas/colombia,-71.1,4.5, Hoenigsberg H.F. et al. (1977)
willistoni,South America,mesitas/colombia,-71.1,4.5, Hoenigsberg H.F. et al. (1982)
willistoni,South America,santa elena uairen,-61.07,4.37, Spassky B. et al. (1971)
willistoni,South America,santa elena/venezuela,-61.07,4.37, Malogolowkin-Cohen C. et al. (1964)
willistoni,South America,santa elena/venezuela,-61.07,4.37, Perez-Salas S. (1970)
willistoni,South America,ibague,-75.2,4.25, Hoenigsberg H.F. et al. (1965)
willistoni,South America,fusagasuga,-74.21,4.22, Hunter A.S. and Navarro A. (1969)
willistoni,South America,mesas,-74.45,4.2, Hoenigsberg H.F. et al. (1982)
willistoni,South America,girardot,-74.47,4.19, Hoenigsberg H.F. et al. (1983)
willistoni,South America,girardot,-74.47,4.19, Hunter A.S. (1966)
willistoni,South America,villavicencio,-73.38,4.09, da Cunha A.B. et al. (1959)
willistoni,South America,san fernando de atabapo,-67.45,4.03, Spassky B. et al. (1971)
willistoni,South America,valparaiso/colombia,-75,4, Ayala F.J. (1970)
willistoni,South America,valparaiso/colombia,-75,4, Ayala F.J. et al. (1972)
willistoni,South America,valparaiso/colombia,-75,4, Hoenigsberg H.F. et al. (1973)
willistoni,South America,valparaiso/colombia,-75,4, Spassky B. et al. (1971)
willistoni,South America,apoteri,-58.53,4, Malogolowkin-Cohen C. et al. (1964)
willistoni,South America,apoteri,-58.53,4, Perez-Salas S. (1970)
willistoni,South America,apoteri,-58.53,4, Spassky B. et al. (1971)
willistoni,South America,buenaventura/colombia,-77.02,3.54, da Cunha A.B. et al. (1959)
willistoni,South America,buenaventura/colombia,-77.02,3.54, Krimbas C.B. (1959)
willistoni,South America,buenaventura/colombia,-77.02,3.54, Spassky B. et al. (1971)
willistoni,South America,palmira,-76.17,3.33, da Cunha A.B. et al. (1959)
willistoni,South America,palmira,-76.17,3.33, Krimbas C.B. (1959)
willistoni,South America,palmira,-76.17,3.33, Spassky B. et al. (1971)
willistoni,South America,macarena,-74.3,3, Hoenigsberg H.F. et al. (1973)
willistoni,South America,macarena,-74.3,3, Hoenigsberg H.F. et al. (1977)
willistoni,South America,macarena,-74.3,3, Hoenigsberg H.F. et al. (1977)
willistoni,South America,macarena,-74.3,3, Hoenigsberg H.F. et al. (1982)
willistoni,South America,macarena,-74.3,3, Hoenigsberg H.F. et al. (1983)
willistoni,South America,kanuku mountains,-59.3,3, Spassky B. et al. (1971)
willistoni,South America,la macarena,-73.57,2.03, Ayala F.J. (1970)
willistoni,South America,la macarena,-73.57,2.03, Ayala F.J. et al. (1972)
willistoni,South America,la macarena,-73.57,2.03, Spassky B. et al. (1971)
willistoni,South America,mucajai,-67,2, da Cunha A.B. and Dobzhansky T. (1954)
willistoni,South America,mucajai,-67,2, da Cunha A.B. et al. (1959)
willistoni,South America,mucajai,-67,2, Dobzhansky T. et al. (1950)
willistoni,South America,mucajai,-67,2, Pavan C. and Knapp E.N. (1954)
willistoni,South America,mucajai,-67,2, Spassky B. et al. (1971)
willistoni,South America,tracajatuba,-50,2, Ayala F.J. et al. (1972)
willistoni,South America,tracajatuba,-50,2, Spassky B. et al. (1971)
willistoni,South America,mitu,-70.05,1.07, Ayala F.J. (1970)
willistoni,South America,mitu,-70.05,1.07, Ayala F.J. et al. (1972)
willistoni,South America,mitu,-70.05,1.07, Hoenigsberg H.F. et al. (1973)
willistoni,South America,mitu,-70.05,1.07, Perez-Salas S. (1970)
willistoni,South America,mitu,-70.05,1.07, Spassky B. et al. (1971)
willistoni,South America,ocamo,-73,1, Ayala F.J. et al. (1972)
willistoni,South America,ocamo,-73,1, Perez-Salas S. (1970)
willistoni,South America,ocamo,-73,1, Spassky B. et al. (1971)
willistoni,South America,uraricuara,-66,1, Spassky B. et al. (1971)
willistoni,South America,serra do navio,-52.05,1, de Toledo Cardoso de Mello J. (1971)
willistoni,South America,esmeraldas,-79.4,0.56, Acurio A. and Rafael V. (2009)
willistoni,South America,orellana,-76.05,0.53, Acurio A. and Rafael V. (2009)
willistoni,South America,ferreira gomez,-51.08,0.52, da Cunha A.B. and Dobzhansky T. (1954)
willistoni,South America,ferreira gomez,-51.08,0.52, da Cunha A.B. et al. (1959)
willistoni,South America,guayabero,-70.59,0.08, Ayala F.J. and Tracey M.L. (1973)
willistoni,South America,guayabero,-70.59,0.08, Ayala F.J. et al. (1971)
willistoni,South America,macapa,-51.04,0.04, Ayala F.J. et al. (1972)
willistoni,South America,macapa,-51.04,0.04, Spassky B. et al. (1971)
willistoni,South America,guayllabamba,-78.22,0.03, Rafael V. et al. (2000)
willistoni,South America,foz de caiari,-66,0, da Cunha A.B. and Dobzhansky T. (1954)
willistoni,South America,foz de caiari,-66,0, da Cunha A.B. et al. (1959)
willistoni,South America,congacari do tracua,-51,0, de Toledo Cardoso de Mello J. (1971)
willistoni,South America,ilha marajo,-50,0, Pavan C. (1950)
willistoni,South America,marajo,-50,0, da Cunha A.B. and Dobzhansky T. (1954)
willistoni,South America,marajo,-50,0, da Cunha A.B. et al. (1950)
willistoni,South America,marajo,-50,0, da Cunha A.B. et al. (1959)
willistoni,South America,marajo,-50,0, Dobzhansky T. (1965)
willistoni,South America,marajo,-50,0, Dobzhansky T. et al. (1950)
willistoni,South America,marajo,-50,0, Rizki M.T.M. (1955)
willistoni,South America,marajo,-50,0, Townsend J.I. (1952)
willistoni,South America,el quinche,-78.18,-0.07, Rafael V. et al. (2000)
willistoni,South America,uaupes,-67.05,-0.07, Spassky B. et al. (1971)
willistoni,South America,santo domingo/ecuador,-79.09,-0.13, Ayala F.J. et al. (1972)
willistoni,South America,santo domingo/ecuador,-79.09,-0.13, da Cunha A.B. et al. (1959)
willistoni,South America,santo domingo/ecuador,-79.09,-0.13, Dobzhansky T. (1965)
willistoni,South America,santo domingo/ecuador,-79.09,-0.13, Spassky B. et al. (1971)
willistoni,South America,icana,-67.22,-0.23, Ayala F.J. et al. (1972)
willistoni,South America,icana,-67.22,-0.23, da Cunha A.B. and Dobzhansky T. (1954)
willistoni,South America,icana,-67.22,-0.23, da Cunha A.B. et al. (1959)
willistoni,South America,icana,-67.22,-0.23, Dobzhansky T. (1965)
willistoni,South America,icana,-67.22,-0.23, Nolte D.J. (1958)
willistoni,South America,icana,-67.22,-0.23, Oelshlegel F.J. and Brewer G.J. (1975)
willistoni,South America,icana,-67.22,-0.23, Rizki M.T.M. (1955)
willistoni,South America,icana,-67.22,-0.23, Spassky B. et al. (1971)
willistoni,South America,icana,-67.22,-0.23, Vetukhiv M. (1954)
willistoni,South America,tapuruquara,-65.01,-0.23, Ayala F.J. et al. (1972)
willistoni,South America,tapuruquara,-65.01,-0.23, Spassky B. et al. (1971)
willistoni,South America,baltra,-90.15,-0.27, Linsley E.G. and Usinger R.L. (1966)
willistoni,South America,puerto cayo,-80,-0.3, Rafael V. et al. (2000)
willistoni,South America,sucumbios,-80,-0.3, Acurio A. and Rafael V. (2009)
willistoni,South America,sucumbios,-80,-0.3, Rafael V. and Vela D. (2000)
willistoni,South America,parque nacional yasuni,-76.23,-0.39, Acurio A.E. and Rafael V.L. (2009)
willistoni,South America,soure,-48.3,-0.4, Burla H. et al. (1949)
willistoni,South America,pichincha,-75.21,-0.45, Acurio A. and Rafael V. (2009)
willistoni,South America,galapagos,-90.05,-0.5, Acurio A. and Rafael V. (2009)
willistoni,South America,galapagos,-90.05,-0.5, Curran C.H. (1932)
willistoni,South America,galapagos,-90.05,-0.5, Rafael V. and Vela D. (2000)
willistoni,South America,south seymour,-89.25,-0.5, Johnson C.W. (1901)
willistoni,South America,south seymour,-89.25,-0.5, Johnson C.W. (1924)
willistoni,South America,jaton sacha,-77.5,-1, Sassi A.K. et al. (2005)
willistoni,South America,jaton sacha,-77.5,-1, Silva J.C. and Kidwell M.G. (2004)
willistoni,South America,yaguaracaca,-72,-1, Hoenigsberg H.F. et al. (1973)
willistoni,South America,marajo oriente,-49,-1, Spassky B. et al. (1971)
willistoni,South America,cape maguari,-48.3,-1, Burla H. et al. (1949)
willistoni,South America,montecristi,-80.39,-1.05, Rafael V. (2007)
willistoni,South America,belem,-48.29,-1.27, Ayala F.J. et al. (1972)
willistoni,South America,belem,-48.29,-1.27, Burla H. et al. (1949)
willistoni,South America,belem,-48.29,-1.27, Counce S.J. (1963)
willistoni,South America,belem,-48.29,-1.27, da Cunha A.B. and Dobzhansky T. (1954)
willistoni,South America,belem,-48.29,-1.27, da Cunha A.B. et al. (1950)
willistoni,South America,belem,-48.29,-1.27, da Cunha A.B. et al. (1959)
willistoni,South America,belem,-48.29,-1.27, Dobzhansky T. (1946)
willistoni,South America,belem,-48.29,-1.27, Dobzhansky T. (1965)
willistoni,South America,belem,-48.29,-1.27, Dobzhansky T. and Mayr E. (1944)
willistoni,South America,belem,-48.29,-1.27, Garcia A.C.L. et al. (2006)
willistoni,South America,belem,-48.29,-1.27, Pavan C. (1950)
willistoni,South America,belem,-48.29,-1.27, Pavan C. and Knapp E.N. (1954)
willistoni,South America,belem,-48.29,-1.27, Pavan C. et al. (1951)
willistoni,South America,belem,-48.29,-1.27, Pavan C. et al. (1957)
willistoni,South America,belem,-48.29,-1.27, Rizki M.T.M. (1955)
willistoni,South America,belem,-48.29,-1.27, Sassi A.K. et al. (2005)
willistoni,South America,belem,-48.29,-1.27, Silva J.C. and Kidwell M.G. (2004)
willistoni,South America,belem,-48.29,-1.27, Spassky B. and Dobzhansky T. (1950)
willistoni,South America,belem,-48.29,-1.27, Spassky B. et al. (1971)
willistoni,South America,belem,-48.29,-1.27, Spieth H.T. (1947)
willistoni,South America,belem,-48.29,-1.27, Spieth H.T. (1949)
willistoni,South America,belem,-48.29,-1.27, de Toledo Cardoso de Mello J. (1971)
willistoni,South America,belem,-48.29,-1.27, Townsend J.I. (1954)
willistoni,South America,belem,-48.29,-1.27, Vetukhiv M. (1954)
willistoni,South America,belem/pa,-48.29,-1.27, Robe L.J. et al. (2010)
willistoni,South America,manabi,-80.3,-1.3, Acurio A. and Rafael V. (2009)
willistoni,South America,moura/brazil,-61.38,-1.32, Spassky B. et al. (1971)
willistoni,South America,procel,-80,-2, Rafael V. et al. (2000)
willistoni,South America,salinas/ecuador,-80.58,-2.15, Rafael V. et al. (2000)
willistoni,South America,ballenita,-80.52,-2.16, Rafael V. et al. (2000)
willistoni,South America,guayas,-80.17,-2.16, Acurio A. and Rafael V. (2009)
willistoni,South America,santarem/brazil,-54.41,-2.26, Ayala F.J. et al. (1972)
willistoni,South America,santarem/brazil,-54.41,-2.26, Spassky B. et al. (1971)
willistoni,South America,sao luis/brazil,-44.16,-2.34, Cordeiro A.R. et al. (1960)
willistoni,South America,sao luis/brazil,-44.16,-2.34, de Souza H.L. et al. (1961)
willistoni,South America,sao luis/brazil,-44.16,-2.34, Spassky B. et al. (1971)
willistoni,South America,sao luis/brazil,-44.16,-2.34, de Toledo Cardoso de Mello J. (1971)
willistoni,South America,sao luiz,-44.16,-2.34, Pavan C. et al. (1957)
willistoni,South America,amapa,-58.04,-2.44, Spassky B. et al. (1971)
willistoni,South America,rosario/brazil,-44.15,-3, da Cunha A.B. et al. (1959)
willistoni,South America,rosario/brazil,-44.15,-3, Pavan C. et al. (1957)
willistoni,South America,rosario/brazil,-44.15,-3, Spassky B. et al. (1971)
willistoni,South America,fazenda salamanca,-44,-3, da Cunha A.B. et al. (1959)
willistoni,South America,manaus,-60,-3.06, Ayala F.J. and Tracey M.L. (1973)
willistoni,South America,manaus,-60,-3.06, Ayala F.J. et al. (1972)
willistoni,South America,manaus,-60,-3.06, Gleason J.M. and Powell J.R. (1997)
willistoni,South America,manaus,-60,-3.06, Griffith E.C. and Powell J.R. (1997)
willistoni,South America,manaus,-60,-3.06, Ludwig A. et al. (2003)
willistoni,South America,manaus,-60,-3.06, Martins M. (1987)
willistoni,South America,manaus,-60,-3.06, Sassi A.K. et al. (2005)
willistoni,South America,manaus,-60,-3.06, Silva J.C. and Kidwell M.G. (2004)
willistoni,South America,manaus,-60,-3.06, Spassky B. et al. (1971)
willistoni,South America,manaus,-60,-3.06, Sturtevant A.H. (1921)
willistoni,South America,manaus,-60,-3.06, de Toledo Cardoso de Mello J. (1971)
willistoni,South America,tefe,-64.45,-3.24, Ayala F.J. et al. (1972)
willistoni,South America,tefe,-64.45,-3.24, Spassky B. et al. (1971)
willistoni,South America,el oro,-79.5,-3.27, Acurio A. and Rafael V. (2009)
willistoni,South America,uraricoera,-61.05,-3.28, Perez-Salas S. (1970)
willistoni,South America,pinas,-80,-3.3, Rafael V. et al. (2000)
willistoni,South America,fordlandia,-55.3,-3.4, da Cunha A.B. and Dobzhansky T. (1954)
willistoni,South America,fordlandia,-55.3,-3.4, da Cunha A.B. et al. (1959)
willistoni,South America,chapadinha,-43.23,-3.45, de Toledo Cardoso de Mello J. (1971)
willistoni,South America,maranguape,-38.45,-3.55, Cordeiro A.R. et al. (1960)
willistoni,South America,maranguape,-38.45,-3.55, Pavan C. et al. (1957)
willistoni,South America,maranguape,-38.45,-3.55, Spassky B. et al. (1971)
willistoni,South America,maranguape,-38.45,-3.55, de Toledo Cardoso de Mello J. (1971)
willistoni,South America,loja,-79.16,-3.59, Acurio A. and Rafael V. (2009)
willistoni,South America,marco,-63,-4, Ayala F.J. (1970)
willistoni,South America,marco,-63,-4, Ayala F.J. et al. (1972)
willistoni,South America,marco,-63,-4, Hoenigsberg H.F. et al. (1973)
willistoni,South America,marco,-63,-4, Spassky B. et al. (1971)
willistoni,South America,serra maranguape,-38,-4, da Cunha A.B. et al. (1959)
willistoni,South America,leticia,-69.57,-4.09, Ayala F.J. (1970)
willistoni,South America,leticia,-69.57,-4.09, Ayala F.J. et al. (1972)
willistoni,South America,leticia,-69.57,-4.09, Spassky B. et al. (1971)
willistoni,South America,guaramiranga,-38.57,-4.16, da Cunha A.B. et al. (1959)
willistoni,South America,guaramiranga,-38.57,-4.16, Dobzhansky T. and Pavlovsky O. (1958)
willistoni,South America,guaramiranga,-38.57,-4.16, Pavan C. et al. (1957)
willistoni,South America,guaramiranga,-38.57,-4.16, Spassky B. et al. (1971)
willistoni,South America,porto alegre,-53.15,-4.2, Brncic D. and Valente V.L.S. (1978)
willistoni,South America,porto alegre,-53.15,-4.2, Budnik M. (1980)
willistoni,South America,porto alegre,-53.15,-4.2, Castro F.L. and Valente V.L.S. (2001)
willistoni,South America,porto alegre,-53.15,-4.2, Garcia A.C.L. et al. (2006)
willistoni,South America,porto alegre,-53.15,-4.2, Garcia A.C. et al. (2008)
willistoni,South America,porto alegre,-53.15,-4.2, Gleason J.M. and Powell J.R. (1997)
willistoni,South America,porto alegre,-53.15,-4.2, Griffith E.C. and Powell J.R. (1997)
willistoni,South America,porto alegre,-53.15,-4.2, Saavedra C.C.R. et al. (2001)
willistoni,South America,porto alegre,-53.15,-4.2, dos Santos R.A. and Valente V.L.S. (1990)
willistoni,South America,porto alegre,-53.15,-4.2, Da Silva L.B. and Valente V.L.S. (2000)
willistoni,South America,porto alegre,-53.15,-4.2, Valente V.L.S. and Araujo A.M. (1986)
willistoni,South America,porto alegre,-53.15,-4.2, Valente V.L.S. et al. (1989)
willistoni,South America,porto alegre,-53.15,-4.2, Valente V.L.S. et al. (1990)
willistoni,South America,porto alegre,-53.15,-4.2, Valente V.L.S. et al. (1993)
willistoni,South America,porto alegre,-53.15,-4.2, Valiati V.H. and Valente V.L.S. (1996)
willistoni,South America,caxias,-43.21,-4.52, Cordeiro A.R. (1952)
willistoni,South America,caxias,-43.21,-4.52, Cordeiro A.R. (1954)
willistoni,South America,ayangue,-80.43,-4.55, Rafael V. et al. (2000)
willistoni,South America,pedras do una,-43,-5, de Toledo Cardoso de Mello J. (1971)
willistoni,South America,tabuleiro,-58.25,-5.03, Sassi A.K. et al. (2005)
willistoni,South America,canto da lagoa,-36.5,-5.04, Rohde C. et al. (2005)
willistoni,South America,imperatriz,-47.28,-5.32, Ayala F.J. et al. (1972)
willistoni,South America,imperatriz,-47.28,-5.32, Burla H. et al. (1949)
willistoni,South America,imperatriz,-47.28,-5.32, da Cunha A.B. and Dobzhansky T. (1954)
willistoni,South America,imperatriz,-47.28,-5.32, da Cunha A.B. et al. (1950)
willistoni,South America,imperatriz,-47.28,-5.32, da Cunha A.B. et al. (1959)
willistoni,South America,imperatriz,-47.28,-5.32, Dobzhansky T. (1965)
willistoni,South America,imperatriz,-47.28,-5.32, Dobzhansky T. et al. (1950)
willistoni,South America,imperatriz,-47.28,-5.32, Pavan C. (1950)
willistoni,South America,imperatriz,-47.28,-5.32, Rizki M.T.M. (1955)
willistoni,South America,imperatriz,-47.28,-5.32, Spassky B. et al. (1971)
willistoni,South America,natal/brazil,-35.15,-5.46, Cordeiro A.R. et al. (1960)
willistoni,South America,natal/brazil,-35.15,-5.46, da Cunha A.B. et al. (1959)
willistoni,South America,natal/brazil,-35.15,-5.46, Pavan C. et al. (1957)
willistoni,South America,rio moa,-72,-6, Burla H. et al. (1949)
willistoni,South America,rio moa,-72,-6, da Cunha A.B. et al. (1959)
willistoni,South America,rio moa,-72,-6, Dobzhansky T. (1965)
willistoni,South America,rio moa,-72,-6, Pavan C. and Knapp E.N. (1954)
willistoni,South America,tarapoto,-76.23,-6.31, da Cunha A.B. et al. (1959)
willistoni,South America,tarapoto,-76.23,-6.31, Spassky B. et al. (1971)
willistoni,South America,castanhal,-62.18,-6.31, da Cunha A.B. and Dobzhansky T. (1954)
willistoni,South America,castanhal,-62.18,-6.31, da Cunha A.B. et al. (1959)
willistoni,South America,castanhal,-62.18,-6.31, Pavan C. et al. (1957)
willistoni,South America,floriano,-42.58,-6.46, da Cunha A.B. and Dobzhansky T. (1954)
willistoni,South America,floriano,-42.58,-6.46, da Cunha A.B. et al. (1959)
willistoni,South America,floriano,-42.58,-6.46, Spassky B. et al. (1971)
willistoni,South America,paraiba,-37,-7, Spassky B. et al. (1971)
willistoni,South America,santa rita/brazil,-34.56,-7.03, da Cunha A.B. et al. (1959)
willistoni,South America,joao pessoa,-34.53,-7.06, Pavan C. et al. (1957)
willistoni,South America,carolina/brazil,-47.28,-7.2, Burla H. et al. (1949)
willistoni,South America,carolina/brazil,-47.28,-7.2, da Cunha A.B. and Dobzhansky T. (1954)
willistoni,South America,carolina/brazil,-47.28,-7.2, da Cunha A.B. et al. (1950)
willistoni,South America,carolina/brazil,-47.28,-7.2, da Cunha A.B. et al. (1959)
willistoni,South America,carolina/brazil,-47.28,-7.2, Dobzhansky T. et al. (1950)
willistoni,South America,carolina/brazil,-47.28,-7.2, Pavan C. (1950)
willistoni,South America,carolina/brazil,-47.28,-7.2, Spassky B. et al. (1971)
willistoni,South America,carolina/ma,-47.25,-7.2, Chaves N.B. and Tidon R. (2008)
willistoni,South America,Carolina,-47.25,-7.2,Burla et al.
willistoni,South America,japiim,-72.55,-7.37, Ayala F.J. et al. (1972)
willistoni,South America,japiim,-72.55,-7.37, Burla H. et al. (1949)
willistoni,South America,japiim,-72.55,-7.37, Pavan C. and Knapp E.N. (1954)
willistoni,South America,japiim-moa,-72.55,-7.37, da Cunha A.B. and Dobzhansky T. (1954)
willistoni,South America,cruzeiro do sul,-72.39,-7.4, Ayala F.J. et al. (1972)
willistoni,South America,cruzeiro do sul,-72.39,-7.4, Burla H. et al. (1949)
willistoni,South America,cruzeiro do sul,-72.39,-7.4, Dobzhansky T. (1965)
willistoni,South America,cruzeiro do sul,-72.39,-7.4, Pavan C. (1950)
willistoni,South America,cruzeiro do sul,-72.39,-7.4, Pavan C. and Knapp E.N. (1954)
willistoni,South America,cruzeiro do sul,-72.39,-7.4, Pavan C. et al. (1951)
willistoni,South America,cruzeiro do sul,-72.39,-7.4, Spassky B. et al. (1971)
willistoni,South America,chacara santa monica,-50.01,-8, Vilela C.R. (1999)
willistoni,South America,chacara santa monica,-50.01,-8, Vilela C.R. (2001)
willistoni,South America,dois irmaos,-34.57,-8, da Cunha A.B. et al. (1959)
willistoni,South America,olinda,-34.48,-8.03, da Cunha A.B. et al. (1959)
willistoni,South America,olinda,-34.48,-8.03, Pavan C. et al. (1957)
willistoni,South America,olinda,-34.48,-8.03, Spassky B. et al. (1971)
willistoni,South America,recife,-34.53,-8.06, Counce S.J. (1963)
willistoni,South America,recife,-34.53,-8.06, Dobzhansky T. and Pavlovsky O. (1958)
willistoni,South America,recife,-34.53,-8.06, Pavan C. et al. (1957)
willistoni,South America,recife,-34.53,-8.06, Poulson D.F. (1966)
willistoni,South America,recife,-34.53,-8.06, Spassky B. et al. (1971)
willistoni,South America,recife,-34.53,-8.06, Williamson D.L. and Poulson D.F. (1979)
willistoni,South America,urucu,-35,-8.17, Prudente A.L. da Costa et al. (2008)
willistoni,South America,porto velho,-63.54,-8.45, Burla H. et al. (1949)
willistoni,South America,porto velho,-63.54,-8.45, da Cunha A.B. and Dobzhansky T. (1954)
willistoni,South America,porto velho,-63.54,-8.45, da Cunha A.B. et al. (1959)
willistoni,South America,porto velho,-63.54,-8.45, Dobzhansky T. (1965)
willistoni,South America,porto velho,-63.54,-8.45, Spassky B. et al. (1971)
willistoni,South America,porto velho,-63.54,-8.45, de Toledo Cardoso de Mello J. (1971)
willistoni,South America,tingo maria,-75.54,-9.08, da Cunha A.B. et al. (1959)
willistoni,South America,tingo maria,-75.54,-9.08, Spassky B. et al. (1971)
willistoni,South America,huaraz,-77.31,-9.33, Pilares G. L.V. et al. (1981)
willistoni,South America,rio branco/brazil,-67.49,-9.59, da Cunha A.B. and Dobzhansky T. (1954)
willistoni,South America,rio branco/brazil,-67.49,-9.59, da Cunha A.B. et al. (1950)
willistoni,South America,rio branco/brazil,-67.49,-9.59, da Cunha A.B. et al. (1959)
willistoni,South America,rio branco/brazil,-67.49,-9.59, Pavan C. (1950)
willistoni,South America,savanna,-67.49,-9.59, Dobzhansky T. (1965)
willistoni,South America,savanna,-67.49,-9.59, Dobzhansky T. et al. (1950)
willistoni,South America,peru,-75,-10, Pilares G.L. and Suyo M.P. (1982)
willistoni,South America,peru,-75,-10, Pilares G. L.V. and vasquez E. J.A. (1977)
willistoni,South America,muquajai,-67.5,-10, Dobzhansky T. (1965)
willistoni,South America,rio mucajai,-67.5,-10, Burla H. et al. (1949)
willistoni,South America,rio uraricoera,-67.5,-10, Burla H. et al. (1949)
willistoni,South America,brazil,-50,-10, Carson H.L. (1965)
willistoni,South America,brazil,-50,-10, Dobzhansky T. (1949)
willistoni,South America,brazil,-50,-10, Mourao C.A. et al. (1965)
willistoni,South America,cassarongongo,-42,-10, de Toledo Cardoso de Mello J. (1971)
willistoni,South America,palmares,-67.43,-10.22, Burla H. et al. (1949)
willistoni,South America,palmares,-67.43,-10.22, da Cunha A.B. and Dobzhansky T. (1954)
willistoni,South America,palmares,-67.43,-10.22, da Cunha A.B. et al. (1959)
willistoni,South America,palmares,-67.43,-10.22, Pavan C. and Knapp E.N. (1954)
willistoni,South America,palmares,-67.43,-10.22, Spassky B. et al. (1971)
willistoni,South America,acre,-68,-11, da Cunha A.B. et al. (1950)
willistoni,South America,acre,-68,-11, Dobzhansky T. et al. (1950)
willistoni,South America,acre,-68,-11, Valente V.L.S. and Araujo A.M. (1986)
willistoni,South America,la merced/peru,-75.16,-11.03, Pilares G. L.V. and vasquez E. J.A. (1977)
willistoni,South America,huaral,-77.1,-11.31, Pilares G. L.V. and vasquez E. J.A. (1977)
willistoni,South America,seringal divisao,-51,-12, da Cunha A.B. et al. (1959)
willistoni,South America,ilha das cobras,-42,-12, Ludwig A. et al. (2003)
willistoni,South America,ilha das cobras,-42,-12, de Toledo Cardoso de Mello J. (1971)
willistoni,South America,bahia,-40,-12, Fresia P. et al. (2001)
willistoni,South America,peixe,-48.36,-12.02, Pavan C. (1950)
willistoni,South America,cieneguilla/peru,-76.45,-12.06, Pilares G. L.V. and vasquez E. J.A. (1977)
willistoni,South America,Barreiras,-45.15,-12.06,Spassky et.al
willistoni,South America,barreiras/ba,-45.05,-12.07, Chaves N.B. and Tidon R. (2008)
willistoni,South America,barreiras/ba,-45.05,-12.07, da Cunha A.B. (1956)
willistoni,South America,barreiras/ba,-45.05,-12.07, da Cunha A.B. (1956)
willistoni,South America,barreiras/ba,-45.05,-12.07, da Cunha A.B. (1957)
willistoni,South America,barreiras/ba,-45.05,-12.07, da Cunha A.B. and Dobzhansky T. (1954)
willistoni,South America,barreiras/ba,-45.05,-12.07, da Cunha A.B. et al. (1959)
willistoni,South America,barreiras/ba,-45.05,-12.07, Spassky B. et al. (1971)
willistoni,South America,Barreiras,-45.05,-12.07,Spassky et al.
willistoni,South America,vilhena/ro,-60.16,-12.29, Chaves N.B. and Tidon R. (2008)
willistoni,South America,Rio da Palma,-47.52,-12.33,Spassky et.al
willistoni,South America,parana/to,-47.37,-12.52, da Mata R.A. et al. (2008)
willistoni,South America,Vale do Paranã,-47.37,-12.52,Mata et al.
willistoni,South America,Vale do Paranã,-47.35,-12.52,Mata et al.
willistoni,South America,Vale do Paranã,-47.34,-12.54,Mata et al.
willistoni,South America,aratuba,-38.29,-12.58, da Cunha A.B. et al. (1959)
willistoni,South America,aratuba,-38.29,-12.58, Pavan C. et al. (1957)
willistoni,South America,aratuba,-38.29,-12.58, Spassky B. et al. (1971)
willistoni,South America,salvador/brazil,-38.29,-12.58, da Cunha A.B. (1953)
willistoni,South America,salvador/brazil,-38.29,-12.58, da Cunha A.B. and Dobzhansky T. (1954)
willistoni,South America,salvador/brazil,-38.29,-12.58, da Cunha A.B. et al. (1959)
willistoni,South America,salvador/brazil,-38.29,-12.58, Malogolowkin C. (1951)
willistoni,South America,salvador/brazil,-38.29,-12.58, Spassky B. et al. (1971)
willistoni,South America,salvador/brazil,-38.29,-12.58, de Toledo Cardoso de Mello J. (1971)
willistoni,South America,salvador/brazil,-38.29,-12.58, Townsend J.I. (1952)
willistoni,South America,urubamba,-72.07,-13.2, Spassky B. et al. (1971)
willistoni,South America,aguas de los rios,-60.45,-13.35, Anderson C.L. et al. (1993)
willistoni,South America,aguas do los rios,-60.45,-13.35, Griffith E.C. and Powell J.R. (1997)
willistoni,South America,Vale do Paranã,-46.46,-13.36,Mata et al.
willistoni,South America,Vale do Paranã,-46.45,-13.39,Mata et al.
willistoni,South America,Vale do Paranã,-46.45,-13.39,Mata et al.
willistoni,South America,Tangará da Serra,-57.03,-14.04,Blauth & Gottschalk
willistoni,South America,Tangará da Serra,-57.03,-14.04,Blauth & Gottschalk
willistoni,South America,Tangará da Serra,-57.03,-14.04,Blauth & Gottschalk
willistoni,South America,Tangará da Serra,-57.03,-14.04,Blauth & Gottschalk
willistoni,South America,Vale do Paranã,-46.46,-14.3,Mata et al.
willistoni,South America,Vale do Paranã,-46.43,-14.3,Mata et al.
willistoni,South America,Vale do Paranã,-46.47,-14.31,Mata et al.
willistoni,South America,fazenda trijuncao/ba,-45.58,-14.49, Roque F. and Tidon R. (2008)
willistoni,South America,Fazenda Trijunção,-45.59,-14.49,Vilela & Mori
willistoni,South America,Fazenda Trijunção,-45.58,-14.49,Vilela & Mori
willistoni,South America,ilheus,-39.06,-14.5, da Cunha A.B. and Dobzhansky T. (1954)
willistoni,South America,ilheus,-39.06,-14.5, da Cunha A.B. et al. (1959)
willistoni,South America,ilheus,-39.06,-14.5, Spassky B. et al. (1971)
willistoni,South America,sarampioni,-75,-15, Duda O. (1927)
willistoni,South America,bolivia,-65,-15, Rizki M.T.M. (1955)
willistoni,South America,mato grosso,-60,-15, Cordeiro A.R. et al. (1958)
willistoni,South America,monjolinho,-50,-15, Ayala F.J. et al. (1972)
willistoni,South America,monjolinho,-50,-15, Burla H. et al. (1949)
willistoni,South America,monjolinho,-50,-15, da Cunha A.B. (1953)
willistoni,South America,monjolinho,-50,-15, da Cunha A.B. and Dobzhansky T. (1954)
willistoni,South America,monjolinho,-50,-15, da Cunha A.B. et al. (1950)
willistoni,South America,monjolinho,-50,-15, da Cunha A.B. et al. (1959)
willistoni,South America,monjolinho,-50,-15, Dobzhansky T. (1965)
willistoni,South America,monjolinho,-50,-15, Dobzhansky T. et al. (1950)
willistoni,South America,monjolinho,-50,-15, Pavan C. et al. (1950)
willistoni,South America,monjolinho,-50,-15, Spassky B. et al. (1971)
willistoni,South America,monjolinho,-50,-15, Townsend J.I. (1952)
willistoni,South America,valadares,-45,-15, Spassky B. et al. (1971)
willistoni,South America,xingu,-45,-15, de Toledo Cardoso de Mello J. (1971)
willistoni,South America,chapada/mg,-55.44,-15.2, da Cunha A.B. and Dobzhansky T. (1954)
willistoni,South America,chapada dos guimaraes/mt,-55.49,-15.24, Roque F. and Tidon R. (2008)
willistoni,South America,Parque Nacional Chapada dos Guimarães,-55.41,-15.29,Vilela & Mori
willistoni,South America,cuiaba,-56.05,-15.32, Cordeiro A.R. et al. (1960)
willistoni,South America,ESECAE,-47.39,-15.34,Emerich
willistoni,South America,ESECAE,-47.39,-15.34,Emerich
willistoni,South America,ESECAE,-47.39,-15.34,Emerich
willistoni,South America,Parque Nacional Chapada dos Guimarães,-55.29,-15.36,Vilela & Mori
willistoni,South America,sobradinho/df,-47.47,-15.37, Roque F. et al. (2009)
willistoni,South America,Sobradinho,-47.47,-15.37,Roque et al.
willistoni,South America,pnb/df,-47.54,-15.4, Chaves N.B. and Tidon R. (2008)
willistoni,South America,PNB,-47.54,-15.4,Spassky et.al
willistoni,South America,Planaltina,-47.29,-15.4,Emerich et al.
willistoni,South America,Centro Olímpico UnB ,-47.5,-15.46,Figueiredo (dissertação
willistoni,South America,brasilia/df,-47.59,-15.47, Chaves N.B. and Tidon R. (2008)
willistoni,South America,brasilia/df,-47.59,-15.47, Roque F. et al. (2006)
willistoni,South America,brasilia/df,-47.59,-15.47, de Toledo Cardoso de Mello J. (1971)
willistoni,South America,cerrado,-47.59,-15.47, Cahaves N.B. and Tidon R. (2005)
willistoni,South America,cerrado,-47.59,-15.47, Ferreira L.B. and Tidon R. (2005)
willistoni,South America,Brasília,-47.57,-15.47,Roque et al.
willistoni,South America,RECOR,-47.52,-15.55,Roque & Tidon
willistoni,South America,recor/df,-47.53,-15.56, Chaves N.B. and Tidon R. (2008)
willistoni,South America,RECOR,-47.53,-15.56,Mata & Tidon
willistoni,South America,RECOR,-47.53,-15.56,Tidon
willistoni,South America,RECOR,-47.53,-15.56,Valadão et al.
willistoni,South America,RECOR ,-47.52,-15.56,Figueiredo (dissertação
willistoni,South America,RECOR ,-47.52,-15.56,Figueiredo (dissertação
willistoni,South America,goias,-50.07,-15.57, Pavan C. and Knapp E.N. (1954)
willistoni,South America,goias,-50.07,-15.57, Pavan C. et al. (1951)
willistoni,South America,lima/peru,-77.03,-16.06, Ayala F.J. et al. (1972)
willistoni,South America,lima/peru,-77.03,-16.06, Cordeiro A.R. et al. (1958)
willistoni,South America,lima/peru,-77.03,-16.06, Cordeiro A.R. et al. (1960)
willistoni,South America,lima/peru,-77.03,-16.06, Gleason J.M. and Powell J.R. (1997)
willistoni,South America,lima/peru,-77.03,-16.06, Griffith E.C. and Powell J.R. (1997)
willistoni,South America,lima/peru,-77.03,-16.06, Ritchie M.G. and Gleason J.M. (1995)
willistoni,South America,lima/peru,-77.03,-16.06, de Souza H.L. et al. (1961)
willistoni,South America,lima/peru,-77.03,-16.06, Spassky B. et al. (1971)
willistoni,South America,lima/peru,-77.03,-16.06, de Toledo Cardoso de Mello J. (1971)
willistoni,South America,coroico,-67.45,-16.09, Spassky B. et al. (1971)
willistoni,South America,catuni,-43.19,-16.15, Burla H. et al. (1949)
willistoni,South America,catuni,-43.19,-16.15, Cordeiro A.R. (1952)
willistoni,South America,catuni,-43.19,-16.15, Cordeiro A.R. (1954)
willistoni,South America,catuni,-43.19,-16.15, Cordeiro A.R. et al. (1960)
willistoni,South America,catuni,-43.19,-16.15, da Cunha A.B. and Dobzhansky T. (1954)
willistoni,South America,catuni,-43.19,-16.15, da Cunha A.B. et al. (1950)
willistoni,South America,catuni,-43.19,-16.15, da Cunha A.B. et al. (1959)
willistoni,South America,catuni,-43.19,-16.15, Dobzhansky T. et al. (1950)
willistoni,South America,catuni,-43.19,-16.15, Malogolowkin C. (1952)
willistoni,South America,catuni,-43.19,-16.15, Pavan C. (1950)
willistoni,South America,catuni,-43.19,-16.15, Pavan C. and Knapp E.N. (1954)
willistoni,South America,catuni,-43.19,-16.15, Pavan C. et al. (1951)
willistoni,South America,catuni,-43.19,-16.15, Spassky B. et al. (1971)
willistoni,South America,catuni,-43.19,-16.15, Townsend J.I. (1952)
willistoni,South America,anapolis,-48.58,-16.19, Pavan C. (1950)
willistoni,South America,anapolis/go,-48.58,-16.19, Chaves N.B. and Tidon R. (2008)
willistoni,South America,Anápolis,-48.58,-16.19,Spassky et.al
willistoni,South America,montes claros/mg,-43.51,-16.43, Chaves N.B. and Tidon R. (2008)
willistoni,South America,Montes Claros,-43.51,-16.43,Cunha & Dobzhansky
willistoni,South America,montes claros,-43.52,-16.45, da Cunha A.B. and Dobzhansky T. (1954)
willistoni,South America,montes claros,-43.52,-16.45, da Cunha A.B. et al. (1959)
willistoni,South America,santa cruz/bolivia,-63.14,-17.45, Burla H. et al. (1949)
willistoni,South America,santa cruz/bolivia,-63.14,-17.45, da Cunha A.B. and Dobzhansky T. (1954)
willistoni,South America,santa cruz/bolivia,-63.14,-17.45, da Cunha A.B. et al. (1950)
willistoni,South America,santa cruz/bolivia,-63.14,-17.45, da Cunha A.B. et al. (1959)
willistoni,South America,santa cruz/bolivia,-63.14,-17.45, Dobzhansky T. et al. (1950)
willistoni,South America,santa cruz/bolivia,-63.14,-17.45, Spassky B. et al. (1971)
willistoni,South America,iron hills,-45,-18, Cordeiro A.R. et al. (1973)
willistoni,South America,ituberaba,-45,-18, Cordeiro A.R. et al. (1960)
willistoni,South America,cipo/mg,-54,-18.2, Sassi A.K. et al. (2005)
willistoni,South America,mel,-54,-18.2, Sassi A.K. et al. (2005)
willistoni,South America,traquateva,-54,-18.2, Sassi A.K. et al. (2005)
willistoni,South America,araguari,-48.13,-18.38, da Cunha A.B. et al. (1959)
willistoni,South America,corumba,-57.35,-19, Duda O. (1927)
willistoni,South America,serra do cipo/mg,-43.4,-19, Chaves N.B. and Tidon R. (2008)
willistoni,South America,Corumbá,-57.39,-19.01,Duda
willistoni,South America,serra do cipo,-43.35,-19.17, Garcia A.C.L. et al. (2006)
willistoni,South America,serra do cipo,-43.35,-19.17, Vilela C.R. and Mori L. (1999)
willistoni,South America,Serra do Cipó,-43.33,-19.17,Vilela & Mori
willistoni,South America,bexiga,-48.56,-19.19, Cordeiro A.R. et al. (1958)
willistoni,South America,Serra do Cipó,-43.33,-19.2,Vilela & Mori
willistoni,South America,Serra do Cipó,-43.38,-19.21,Vilela & Mori
willistoni,South America,ipitanga,-42.3,-19.3, Bonorino C.B.C. et al. (1993)
willistoni,South America,ipitanga,-42.3,-19.3, Garcia A.C.L. et al. (2006)
willistoni,South America,ipitanga,-42.3,-19.3, Rohde C. et al. (2006)
willistoni,South America,ipitanga,-42.3,-19.3, Sassi A.K. et al. (2005)
willistoni,South America,rio doce,-40.3,-19.3, da Cunha A.B. and Dobzhansky T. (1954)
willistoni,South America,rio doce,-40.3,-19.3, da Cunha A.B. et al. (1959)
willistoni,South America,paulo de faria,-49.31,-19.55, Penariol L. et al. (2008)
willistoni,South America,ilha verde,-54,-20, de Toledo Cardoso de Mello J. (1971)
willistoni,South America,tainhas,-50,-20, Cordeiro A.R. and Marques V.B. (1958)
willistoni,South America,tainhas,-50,-20, Cordeiro A.R. et al. (1958)
willistoni,South America,tainhas,-50,-20, Cordeiro A.R. et al. (1960)
willistoni,South America,teffe,-50,-20, Dobzhansky T. and Mayr E. (1944)
willistoni,South America,palma/goias,-45,-20, Ayala F.J. et al. (1972)
willistoni,South America,palma/goias,-45,-20, Burla H. et al. (1949)
willistoni,South America,palma/goias,-45,-20, da Cunha A.B. and Dobzhansky T. (1954)
willistoni,South America,palma/goias,-45,-20, da Cunha A.B. et al. (1950)
willistoni,South America,palma/goias,-45,-20, da Cunha A.B. et al. (1959)
willistoni,South America,palma/goias,-45,-20, Dobzhansky T. (1965)
willistoni,South America,palma/goias,-45,-20, Dobzhansky T. et al. (1950)
willistoni,South America,palma/goias,-45,-20, Spassky B. et al. (1971)
willistoni,South America,sooretama,-40.3,-20, da Cunha A.B. and Dobzhansky T. (1954)
willistoni,South America,sooretama,-40.3,-20, da Cunha A.B. et al. (1959)
willistoni,South America,esmeralda,-51.02,-20.18, Saavedra C.C.R. et al. (1995)
willistoni,South America,guarapari,-40.31,-20.39, Toledo S.A. (1963)
willistoni,South America,mirassol,-49.28,-20.47, Ayala F.J. et al. (1972)
willistoni,South America,mirassol,-49.28,-20.47, Mourao C.A. and Ayala F.J. (1971)
willistoni,South America,mirassol,-49.28,-20.47, Mourao C.A. et al. (1972)
willistoni,South America,mirassol,-49.28,-20.47, Powell J.R. (1973)
willistoni,South America,sao jose do rio preto,-49.23,-20.49, Ayala F.J. et al. (1972)
willistoni,South America,sao jose do rio preto,-49.23,-20.49, Mourao C.A. et al. (1972)
willistoni,South America,sao jose do rio preto,-49.23,-20.49, Spassky B. et al. (1971)
willistoni,South America,sao jose do rio preto,-49.23,-20.49, de Toledo Cardoso de Mello J. (1971)
willistoni,South America,boa esperanca,-45.37,-21.03, da Cunha A.B. and Dobzhansky T. (1954)
willistoni,South America,boa esperanca,-45.37,-21.03, da Cunha A.B. et al. (1959)
willistoni,South America,boa esperanca,-45.37,-21.03, Spassky B. et al. (1971)
willistoni,South America,boa esperanca/mg,-45.37,-21.03, Chaves N.B. and Tidon R. (2008)
willistoni,South America,Boa Esperança,-45.37,-21.03,Spassky et.al
willistoni,South America,ribeirao preto,-47.48,-21.09, Ayala F.J. et al. (1972)
willistoni,South America,ribeirao preto,-47.48,-21.09, Garcia A.C.L. et al. (2006)
willistoni,South America,ribeirao preto,-47.48,-21.09, Mourao C.A. and Ayala F.J. (1971)
willistoni,South America,ribeirao preto,-47.48,-21.09, Mourao C.A. et al. (1972)
willistoni,South America,ribeirao preto,-47.48,-21.09, Sassi A.K. et al. (2005)
willistoni,South America,pirassununga,-47.25,-21.58, Burla H. et al. (1949)
willistoni,South America,pirassununga,-47.25,-21.58, Cordeiro A.R. et al. (1960)
willistoni,South America,pirassununga,-47.25,-21.58, da Cunha A.B. and Dobzhansky T. (1954)
willistoni,South America,pirassununga,-47.25,-21.58, da Cunha A.B. et al. (1950)
willistoni,South America,pirassununga,-47.25,-21.58, da Cunha A.B. et al. (1959)
willistoni,South America,pirassununga,-47.25,-21.58, Dobzhansky T. et al. (1950)
willistoni,South America,pirassununga,-47.25,-21.58, Malogolowkin C. (1952)
willistoni,South America,pirassununga,-47.25,-21.58, Pavan C. (1950)
willistoni,South America,pirassununga,-47.25,-21.58, Pavan C. and Knapp E.N. (1954)
willistoni,South America,pirassununga,-47.25,-21.58, Pavan C. et al. (1950)
willistoni,South America,pirassununga,-47.25,-21.58, Pavan C. et al. (1951)
willistoni,South America,pirassununga,-47.25,-21.58, Spassky B. et al. (1971)
willistoni,South America,sao paulo estado,-48,-22, Tidon-Sklorz R. and Sene F.M. (1999)
willistoni,South America,araras,-47,-22, Dobzhansky T. and Pavan C. (1943)
willistoni,South America,ilha de sao joao,-43,-22, de Almeida Toledo S. (1966)
willistoni,South America,ilha de sao joao,-43,-22, Toledo A.S. (1970)
willistoni,South America,ilha de sao joao,-43,-22, de Toledo J.S. et al. (1967)
willistoni,South America,rio preto,-43.52,-22.06, Powell J.R. (1971)
willistoni,South America,itatiaia,-44.43,-22.2, de Toledo Cardoso de Mello J. (1971)
willistoni,South America,barreiro rico,-48.05,-22.41, de Medeiros H.F. and Klaczko L.B. (2004)
willistoni,South America,camanducaia,-46.09,-22.45, de Toledo Cardoso de Mello J. (1971)
willistoni,South America,duas irmaes,-43.07,-22.46, Dobzhansky T. (1962)
willistoni,South America,rio de janeiro,-43.17,-22.53, Burla H. et al. (1949)
willistoni,South America,rio de janeiro,-43.17,-22.53, da Cunha A.B. and Dobzhansky T. (1954)
willistoni,South America,rio de janeiro,-43.17,-22.53, da Cunha A.B. et al. (1959)
willistoni,South America,rio de janeiro,-43.17,-22.53, Dobzhansky T. (1946)
willistoni,South America,rio de janeiro,-43.17,-22.53, Dobzhansky T. and Mayr E. (1944)
willistoni,South America,rio de janeiro,-43.17,-22.53, Morais P.B. et al. (1995)
willistoni,South America,rio de janeiro,-43.17,-22.53, Spassky B. et al. (1971)
willistoni,South America,rio de janeiro,-43.17,-22.53, Spieth H.T. (1949)
willistoni,South America,campinas,-47.06,-22.54, Burla H. et al. (1949)
willistoni,South America,campinas,-47.06,-22.54, Spieth H.T. (1949)
willistoni,South America,angra dos reis,-44.17,-22.59, Becak W. and de Camargo M.L.P. (1959)
willistoni,South America,angra dos reis,-44.17,-22.59, da Cunha A.B. et al. (1959)
willistoni,South America,angra dos reis,-44.17,-22.59, Knapp E.P. (1952)
willistoni,South America,angra dos reis,-44.17,-22.59, Krimbas C.B. (1959)
willistoni,South America,angra dos reis,-44.17,-22.59, Krimbas C.B. (1960)
willistoni,South America,angra dos reis,-44.17,-22.59, Pavan C. and Knapp E.N. (1954)
willistoni,South America,angra dos reis,-44.17,-22.59, Spassky B. et al. (1971)
willistoni,South America,angra dos reis,-44.17,-22.59, de Toledo Cardoso de Mello J. (1971)
willistoni,South America,angra dos reis,-44.17,-22.59, Valente V.L.S. and Araujo A.M. (1986)
willistoni,South America,sao joao/brazil,-44.17,-22.59, da Cunha A.B. (1968)
willistoni,South America,sao joao/brazil,-44.17,-22.59, da Cunha A.B. et al. (1959)
willistoni,South America,sao joao/brazil,-44.17,-22.59, da Cunha A.B. et al. (1961)
willistoni,South America,sao joao/brazil,-44.17,-22.59, Dobzhansky T. (1962)
willistoni,South America,sao joao/angra,-44.15,-23, Birch L.C. and Battaglia B. (1957)
willistoni,South America,sao joao/angra,-44.15,-23, Birch L.C. and Battaglia B. (1957)
willistoni,South America,sao joao/angra,-44.15,-23, Franca Z.M. et al. (1968)
willistoni,South America,sao joao/angra,-44.15,-23, de Magalhaes L.E. et al. (1963)
willistoni,South America,sao joao/angra,-44.15,-23, Magalhaes L.E. et al. (1965)
willistoni,South America,sao joao/angra,-44.15,-23, de Magalhaes L.E. et al. (1965)
willistoni,South America,tijuca,-43.2,-23, de Toledo Cardoso de Mello J. (1971)
willistoni,South America,jundiai,-46.54,-23.1, de Medeiros H.F. and Klaczko L.B. (2003)
willistoni,South America,serra do japi,-46.57,-23.14, de Medeiros H.F. and Klaczko L.B. (2004)
willistoni,South America,mogi,-46.12,-23.17, Dobzhansky T. et al. (1950)
willistoni,South America,mogi,-46.12,-23.17, Spassky B. et al. (1971)
willistoni,South America,cantareira,-46.38,-23.27, Burla H. et al. (1950)
willistoni,South America,cantareira,-46.38,-23.27, da Cunha A.B. (1951)
willistoni,South America,cantareira,-46.38,-23.27, da Cunha A.B. et al. (1957)
willistoni,South America,cantareira,-46.38,-23.27, Dobzhansky T. and Pavan C. (1943)
willistoni,South America,cantareira,-46.38,-23.27, Vetukhiv M. (1954)
willistoni,South America,praia grande,-46.3,-23.3, Dobzhansky T. (1946)
willistoni,South America,praia grande,-46.3,-23.3, Dobzhansky T. and Mayr E. (1944)
willistoni,South America,vila atlantica,-46.3,-23.3, Brncic D. and Koref S. (1953)
willistoni,South America,vila atlantica,-46.3,-23.3, Burla H. et al. (1949)
willistoni,South America,vila atlantica,-46.3,-23.3, Cordeiro A.R. et al. (1960)
willistoni,South America,vila atlantica,-46.3,-23.3, da Cunha A.B. and Dobzhansky T. (1954)
willistoni,South America,vila atlantica,-46.3,-23.3, da Cunha A.B. et al. (1950)
willistoni,South America,vila atlantica,-46.3,-23.3, da Cunha A.B. et al. (1959)
willistoni,South America,vila atlantica,-46.3,-23.3, Dobzhansky T. and Pavan C. (1943)
willistoni,South America,vila atlantica,-46.3,-23.3, Dobzhansky T. et al. (1950)
willistoni,South America,vila atlantica,-46.3,-23.3, Pavan C. (1950)
willistoni,South America,vila atlantica,-46.3,-23.3, Pavan C. and Knapp E.N. (1954)
willistoni,South America,vila atlantica,-46.3,-23.3, Pavan C. et al. (1950)
willistoni,South America,vila atlantica,-46.3,-23.3, Pavan C. et al. (1951)
willistoni,South America,vila atlantica,-46.3,-23.3, Spassky B. et al. (1971)
willistoni,South America,vila atlantica,-46.3,-23.3, de Toledo Cardoso de Mello J. (1971)
willistoni,South America,vila atlantica,-46.3,-23.3, Winge H. (1965)
willistoni,South America,mogi das cruzes,-46.1,-23.3, Brncic D. and Koref S. (1953)
willistoni,South America,mogi das cruzes,-46.1,-23.3, Burla H. et al. (1949)
willistoni,South America,mogi das cruzes,-46.1,-23.3, da Cunha A.B. and Dobzhansky T. (1954)
willistoni,South America,mogi das cruzes,-46.1,-23.3, da Cunha A.B. et al. (1950)
willistoni,South America,mogi das cruzes,-46.1,-23.3, da Cunha A.B. et al. (1957)
willistoni,South America,mogi das cruzes,-46.1,-23.3, da Cunha A.B. et al. (1959)
willistoni,South America,mogi das cruzes,-46.1,-23.3, Malogolowkin C. (1952)
willistoni,South America,mogi das cruzes,-46.1,-23.3, Pavan C. (1950)
willistoni,South America,mogi das cruzes,-46.1,-23.3, Pavan C. and Knapp E.N. (1954)
willistoni,South America,mogi das cruzes,-46.1,-23.3, Pavan C. et al. (1950)
willistoni,South America,sao paulo,-46.39,-23.33, Brncic D. and Koref S. (1953)
willistoni,South America,sao paulo,-46.39,-23.33, Budnik M. and Brncic D. (1974)
willistoni,South America,sao paulo,-46.39,-23.33, Burla H. et al. (1949)
willistoni,South America,sao paulo,-46.39,-23.33, Dobzhansky T. and Pavan C. (1950)
willistoni,South America,sao paulo,-46.39,-23.33, Mourao C.A. et al. (1972)
willistoni,South America,sao paulo,-46.39,-23.33, Valente V.L.S. and Araujo A.M. (1986)
willistoni,South America,sao paulo,-46.39,-23.33, Vilela C.R. and Selivon D. (2000)
willistoni,South America,morungava,-50,-23.4, Petersen J.A. (1960)
willistoni,South America,morungava,-50,-23.4, Petersen J.A. (1960)
willistoni,South America,boraceia/sp,-43.5,-23.4, Val F.C. and Kaneshiro K.Y. (1988)
willistoni,South America,bertioga,-45.5,-23.45, Burla H. et al. (1949)
willistoni,South America,bertioga,-45.5,-23.45, Dobzhansky T. (1946)
willistoni,South America,bertioga,-45.5,-23.45, Dobzhansky T. and Mayr E. (1944)
willistoni,South America,bertioga,-45.5,-23.45, Dobzhansky T. and Pavan C. (1943)
willistoni,South America,bertioga,-45.5,-23.45, Spieth H.T. (1949)
willistoni,South America,ilha bela,-45.24,-23.47, de Medeiros H.F. and Klaczko L.B. (2004)
willistoni,South America,cubatao,-46.26,-23.53, Krimbas C.B. (1959)
willistoni,South America,itapeva,-48.59,-23.59, Cordeiro A.R. et al. (1958)
willistoni,South America,itapeva,-48.59,-23.59, Cordeiro A.R. et al. (1960)
willistoni,South America,itanhaem,-46.47,-24.09, Burla H. et al. (1949)
willistoni,South America,peruibe/sp,-46.55,-24.14, Valente V.L.S. and Araujo A.M. (1986)
willistoni,South America,quemada grande,-46.4,-24.29, Dobzhansky T. (1962)
willistoni,South America,gran sabana,-48,-24.3, Ayala F.J. et al. (1974)
willistoni,South America,porcos grande,-46.4,-24.3, Dobzhansky T. (1962)
willistoni,South America,porcos pequena,-46.4,-24.3, Dobzhansky T. (1962)
willistoni,South America,quemada pequena,-46.4,-24.3, Dobzhansky T. (1962)
willistoni,South America,eldorado do sul,-48.08,-24.33, Garcia A.C.L. et al. (2006)
willistoni,South America,eldorado do sul,-48.08,-24.33, Saavedra C.C.R. et al. (2001)
willistoni,South America,eldorado/rgs,-48.08,-24.33, Lewgoy F. et al. (1959)
willistoni,South America,eldorado/rgs,-48.08,-24.33, Marques E.K. and Maciel C.M.P. (1961)
willistoni,South America,eldorado/rgs,-48.08,-24.33, de Oliveira A.K. and Cordeiro A.R. (1980)
willistoni,South America,eldorado/rgs,-48.08,-24.33, de Oliveira A.K. and Cordeiro A.R. (1980)
willistoni,South America,eldorado/rgs,-48.08,-24.33, de Toledo Cardoso de Mello J. (1971)
willistoni,South America,eldorado/rgs,-48.08,-24.33, Winge H. and Napp M. (1958)
willistoni,South America,eldorado/rgs,-48.08,-24.33, Winge H. and Napp M. (1961)
willistoni,South America,ilha do mel,-52,-25, Garcia A.C.L. et al. (2006)
willistoni,South America,ilha do mel,-52,-25, Silva J.C. and Kidwell M.G. (2004)
willistoni,South America,parana,-51,-25, Valente V.L.S. and Araujo A.M. (1986)
willistoni,South America,colonia sao pedro,-52.55,-25.02, Winge H. and Cordeiro A.R. (1963)
willistoni,South America,ponta grossa/rgs,-50.09,-25.07, Cordeiro A.R. et al. (1958)
willistoni,South America,ponta grossa/rgs,-50.09,-25.07, da Cunha A.B. and Dobzhansky T. (1954)
willistoni,South America,ponta grossa/rgs,-50.09,-25.07, da Cunha A.B. et al. (1959)
willistoni,South America,ponta grossa/rgs,-50.09,-25.07, Spassky B. et al. (1971)
willistoni,South America,foz do iguassu,-54.31,-25.33, Burla H. et al. (1949)
willistoni,South America,iguacu,-54.22,-25.35, Malogolowkin C. (1952)
willistoni,South America,iguassu,-54.22,-25.35, Ayala F.J. et al. (1972)
willistoni,South America,iguassu,-54.22,-25.35, da Cunha A.B. and Dobzhansky T. (1954)
willistoni,South America,iguassu,-54.22,-25.35, da Cunha A.B. et al. (1950)
willistoni,South America,iguassu,-54.22,-25.35, da Cunha A.B. et al. (1959)
willistoni,South America,iguassu,-54.22,-25.35, Dobzhansky T. (1965)
willistoni,South America,iguassu,-54.22,-25.35, Dobzhansky T. et al. (1950)
willistoni,South America,iguassu,-54.22,-25.35, Patterson J.T. and Stone W.S. (1952)
willistoni,South America,iguassu,-54.22,-25.35, Pavan C. (1950)
willistoni,South America,iguassu,-54.22,-25.35, Pavan C. et al. (1951)
willistoni,South America,iguassu,-54.22,-25.35, Rizki M.T.M. (1955)
willistoni,South America,iguassu,-54.22,-25.35, Spassky B. et al. (1971)
willistoni,South America,iguassu park,-54.2,-25.35, Burla H. et al. (1949)
willistoni,South America,paranagua,-49,-26, Burla H. et al. (1949)
willistoni,South America,paranagua,-49,-26, da Cunha A.B. and Dobzhansky T. (1954)
willistoni,South America,paranagua,-49,-26, da Cunha A.B. et al. (1950)
willistoni,South America,paranagua,-49,-26, da Cunha A.B. et al. (1959)
willistoni,South America,paranagua,-49,-26, Dobzhansky T. et al. (1950)
willistoni,South America,paranagua,-49,-26, Spassky B. et al. (1971)
willistoni,South America,rio negro/brazil,-49.46,-26.06, Brncic D. and Koref S. (1953)
willistoni,South America,rio negro/brazil,-49.46,-26.06, Burla H. et al. (1949)
willistoni,South America,rio negro/brazil,-49.46,-26.06, da Cunha A.B. and Dobzhansky T. (1954)
willistoni,South America,rio negro/brazil,-49.46,-26.06, da Cunha A.B. et al. (1950)
willistoni,South America,rio negro/brazil,-49.46,-26.06, da Cunha A.B. et al. (1959)
willistoni,South America,rio negro/brazil,-49.46,-26.06, Dobzhansky T. (1965)
willistoni,South America,rio negro/brazil,-49.46,-26.06, Dobzhansky T. et al. (1950)
willistoni,South America,rio negro/brazil,-49.46,-26.06, Pavan C. (1950)
willistoni,South America,rio negro/brazil,-49.46,-26.06, Pavan C. and Knapp E.N. (1954)
willistoni,South America,rio negro/brazil,-49.46,-26.06, Pavan C. et al. (1951)
willistoni,South America,rio negro/brazil,-49.46,-26.06, Rizki M.T.M. (1955)
willistoni,South America,tucuman,-65.15,-26.47, da Cunha A.B. and Dobzhansky T. (1954)
willistoni,South America,tucuman,-65.15,-26.47, da Cunha A.B. et al. (1959)
willistoni,South America,tucuman,-65.15,-26.47, Spassky B. et al. (1971)
willistoni,South America,misiones,-55,-27, Burla H. et al. (1949)
willistoni,South America,iperoba,-51,-27, de Toledo Cardoso de Mello J. (1971)
willistoni,South America,ilha dos ratoes,-50,-27, Silva J.C. and Kidwell M.G. (2004)
willistoni,South America,alto da serra/sc,-52.41,-27.13, Dobzhansky T. and Pavan C. (1943)
willistoni,South America,arvoredo,-52.41,-27.14, Garcia A.C.L. et al. (2006)
willistoni,South America,arvoredo,-52.41,-27.14, Rohde C. et al. (2005)
willistoni,South America,lagoa da conceicao,-48.21,-27.18, de Toni D.C. and Hofmann P.R.P. (1995)
willistoni,South America,turvo park,-54.1,-27.21, Valente V.L.S. and Araujo A.M. (1985)
willistoni,South America,turvo park,-54.1,-27.21, Valente V.L.S. and Araujo A.M. (1986)
willistoni,South America,turvo park,-54.1,-27.21, Valente V.L.S. and Araujo A.M. (1986)
willistoni,South America,turvo park,-54.1,-27.21, Valente V.L.S. and Morales N.B. (1985)
willistoni,South America,ratones,-48.3,-27.27, Schmitz H.J. et al. (2007)
willistoni,South America,ratones grande,-48.37,-27.29, Garcia A.C.L. et al. (2006)
willistoni,South America,ratones grande,-48.37,-27.29, Rohde C. et al. (2005)
willistoni,South America,ratones pequeno,-48.34,-27.29, Rohde C. et al. (2005)
willistoni,South America,florianopolis/sc,-48.32,-27.35, Gottschalk M.S. et al. (2007)
willistoni,South America,florianopolis,-48.31,-27.35, Gottschalk M.S. et al. (2003)
willistoni,South America,itacorubi,-48.31,-27.35, Schmitz H.J. et al. (2007)
willistoni,South America,morro da lagoa,-48.29,-27.35, Garcia A.C.L. et al. (2006)
willistoni,South America,campeche/sc,-48.29,-27.41, Garcia A.C.L. et al. (2006)
willistoni,South America,santa catarina/sc,-48.3,-27.42, Garcia A.C.L. et al. (2006)
willistoni,South America,santa catarina/sc,-48.3,-27.42, Sassi A.K. et al. (2005)
willistoni,South America,serra do tabuleiro,-48.48,-27.44, Rohde C. et al. (2005)
willistoni,South America,sertao do peri,-48.33,-27.45, Rohde C. et al. (2005)
willistoni,South America,mafra,-48.3,-27.5, Krimbas C.B. (1959)
willistoni,South America,salitre,-50,-28, Burla H. et al. (1949)
willistoni,South America,garruchos,-55.35,-28.12, Cordeiro A.R. and Marques V.B. (1958)
willistoni,South America,garruchos,-55.35,-28.12, Cordeiro A.R. et al. (1958)
willistoni,South America,garruchos,-55.35,-28.12, Cordeiro A.R. et al. (1960)
willistoni,South America,garruchos,-55.35,-28.12, Lewgoy F. and Cordeiro S.R. (1958)
willistoni,South America,santo angelo,-54.15,-28.17, Burla H. et al. (1949)
willistoni,South America,santo angelo,-54.15,-28.17, da Cunha A.B. and Dobzhansky T. (1954)
willistoni,South America,santo angelo,-54.15,-28.17, da Cunha A.B. et al. (1950)
willistoni,South America,santo angelo,-54.15,-28.17, da Cunha A.B. et al. (1959)
willistoni,South America,santo angelo,-54.15,-28.17, Dobzhansky T. et al. (1950)
willistoni,South America,santo angelo,-54.15,-28.17, Pavan C. (1950)
willistoni,South America,santo angelo,-54.15,-28.17, Spassky B. et al. (1971)
willistoni,South America,tubarao,-49,-28.29, de Toledo Cardoso de Mello J. (1971)
willistoni,South America,turvo,-49.42,-28.5, De Araujo A.M. and Valente V.R.S. (1981)
willistoni,South America,turvo,-49.42,-28.5, de Borba C.M.B. and Napp M. (1986)
willistoni,South America,turvo,-49.42,-28.5, Saavedra C.C.R. et al. (1995)
willistoni,South America,turvo,-49.42,-28.5, Sassi A.K. et al. (2005)
willistoni,South America,guaiba,-49.4,-28.5, Budnik M. et al. (2001)
willistoni,South America,guaiba,-49.4,-28.5, Saavedra C.C.R. et al. (1995)
willistoni,South America,guaiba,-49.4,-28.5, Valente V.L.S. and Araujo A.M. (1986)
willistoni,South America,guaiba,-49.4,-28.5, Valente V.L.S. et al. (1981)
willistoni,South America,guapore,-51.55,-28.55, da Cunha A.B. et al. (1950)
willistoni,South America,guapore,-51.55,-28.55, Dobzhansky T. et al. (1950)
willistoni,South America,guapore,-51.55,-28.55, Pavan C. (1950)
willistoni,South America,dois lajeados,-51.51,-28.59, Garcia A.C.L. et al. (2006)
willistoni,South America,dois lajeados,-51.51,-28.59, Sassi A.K. et al. (2005)
willistoni,South America,bento goncalves,-51.34,-29.12, Franck G. and Valente V.L.S. (1985)
willistoni,South America,bento goncalves,-51.34,-29.12, Garcia A.C.L. et al. (2006)
willistoni,South America,bento goncalves,-51.34,-29.12, Saavedra C.C.R. et al. (1995)
willistoni,South America,caxias do sul,-51.1,-29.14, Cordeiro A.R. et al. (1958)
willistoni,South America,emboaba,-51.2,-29.18, Cordeiro A.R. (1952)
willistoni,South America,emboaba,-51.2,-29.18, Cordeiro A.R. (1954)
willistoni,South America,emboaba,-51.2,-29.18, Cordeiro A.R. (1954)
willistoni,South America,emboaba,-51.2,-29.18, Cordeiro A.R. et al. (1958)
willistoni,South America,sao francisco de paula,-50.31,-29.2, Petersen J.A. (1960)
willistoni,South America,torres/brazil,-49.34,-29.2, Hofmann P.R.P. and Napp M. (1984)
willistoni,South America,feliz,-51.12,-29.3, Cordeiro A.R. et al. (1960)
willistoni,South America,feliz,-51.12,-29.3, da Cunha A.B. and Dobzhansky T. (1954)
willistoni,South America,feliz,-51.12,-29.3, da Cunha A.B. et al. (1959)
willistoni,South America,queimada grande,-45,-29.3, Garcia A.C.L. et al. (2006)
willistoni,South America,queimada grande,-45,-29.3, de Almeida Toledo S. (1966)
willistoni,South America,queimada grande,-45,-29.3, Toledo A.S. (1970)
willistoni,South America,queimada grande,-45,-29.3, de Toledo J.S. et al. (1967)
willistoni,South America,queimada pequena,-45,-29.3, Battaglia B. and Birch L.C. (1956)
willistoni,South America,queimada pequena,-45,-29.3, Birch L.C. and Battaglia B. (1957)
willistoni,South America,queimada pequena,-45,-29.3, Birch L.C. and Battaglia B. (1957)
willistoni,South America,queimada pequena,-45,-29.3, da Cunha A.B. (1968)
willistoni,South America,queimada pequena,-45,-29.3, da Cunha A.B. et al. (1959)
willistoni,South America,queimada pequena,-45,-29.3, da Cunha A.B. et al. (1961)
willistoni,South America,queimada pequena,-45,-29.3, de Magalhaes L.E. et al. (1963)
willistoni,South America,queimada pequena,-45,-29.3, de Souza H.M.L. et al. (1970)
willistoni,South America,queimada pequena,-45,-29.3, de Almeida Toledo S. (1966)
willistoni,South America,queimada pequena,-45,-29.3, Toledo A.S. (1970)
willistoni,South America,queimada pequena,-45,-29.3, de Toledo J.S. et al. (1967)
willistoni,South America,santa maria/rs,-53.42,-29.32, de Borba C.M.B. and Napp M. (1986)
willistoni,South America,sao pedro/rgs,-53.25,-29.55, Cordeiro A.R. and Winge H. (1963)
willistoni,South America,sao pedro/rgs,-53.25,-29.55, Winge H. (1965)
willistoni,South America,muitos capoes,-52,-30, Cordeiro A.R. et al. (1958)
willistoni,South America,rio grande do sul,-52,-30, Townsend J.I. (1952)
willistoni,South America,pederneiras,-51,-30, Cordeiro A.R. et al. (1958)
willistoni,South America,sao pedro de alcantara,-51,-30, Franc (Franck) G. and Napp M. (1992)
willistoni,South America,sao pedro torres,-51,-30, de Toledo Cardoso de Mello J. (1971)
willistoni,South America,porto alegre/rs,-51.13,-30.01, Garcia A.C.L. et al. (2009)
willistoni,South America,morro santana,-51.19,-30.04, Sassi A.K. et al. (2005)
willistoni,South America,morro santana,-51.19,-30.04, Basso da Silva L. and Valente V.L.S. (2000)
willistoni,South America,eldorado/mg,-51.3,-30.05, Cordeiro A.R. et al. (1958)
willistoni,South America,eldorado/mg,-51.3,-30.05, Cordeiro A.R. et al. (1960)
willistoni,South America,itapua,-51.02,-30.26, de Borba C.M.B. and Napp M. (1986)
willistoni,South America,itapua,-51.02,-30.26, Garcia A.C.L. et al. (2006)
willistoni,South America,itapua,-51.02,-30.26, Silva J.C. and Kidwell M.G. (2004)
willistoni,South America,itapua,-51.02,-30.26, Valente V.L.S. and Araujo A.M. (1985)
willistoni,South America,itapua,-51.02,-30.26, Valente V.L.S. and Araujo A.M. (1986)
willistoni,South America,itapua,-51.02,-30.26, Valente V.L.S. and Araujo A.M. (1986)
willistoni,South America,itapua,-51.02,-30.26, Valente V.L.S. and Morales N.B. (1985)
willistoni,South America,quarai,-56.25,-30.28, Cordeiro A.R. (1952)
willistoni,South America,quarai,-56.25,-30.28, Cordeiro A.R. (1954)
willistoni,South America,quarai,-56.25,-30.28, Cordeiro A.R. (1954)
willistoni,South America,quarai,-56.25,-30.28, Cordeiro A.R. et al. (1958)
willistoni,South America,boca del sarandi,-55.53,-30.38, Goni B. et al. (1998)
willistoni,South America,boca del sarandi,-55.53,-30.38, Valente V.L.S. et al. (2001)
willistoni,South America,boca del sarandi,-55.53,-30.38, Valente V.L. da Silva et al. (2003)
willistoni,South America,tigre,-69,-31, Townsend J.I. (1952)
willistoni,South America,reuter,-52,-31, Ayala F.J. et al. (1972)
willistoni,South America,reuter,-52,-31, Burla H. et al. (1949)
willistoni,South America,reuter,-52,-31, da Cunha A.B. and Dobzhansky T. (1954)
willistoni,South America,reuter,-52,-31, da Cunha A.B. et al. (1950)
willistoni,South America,reuter,-52,-31, da Cunha A.B. et al. (1959)
willistoni,South America,reuter,-52,-31, Dobzhansky T. (1965)
willistoni,South America,reuter,-52,-31, Dobzhansky T. et al. (1950)
willistoni,South America,reuter,-52,-31, Spassky B. et al. (1971)
willistoni,South America,arroyo gajo de lunarejo,-56,-31.06, Valente V.L.S. et al. (2001)
willistoni,South America,bage,-56.04,-31.22, Cordeiro A.R. et al. (1958)
willistoni,South America,bage,-56.04,-31.22, da Cunha A.B. et al. (1959)
willistoni,South America,arroyo gajo,-55.59,-31.41, Goni B. et al. (1998)
willistoni,South America,arroyo gajo,-55.59,-31.41, Valente V.L. da Silva et al. (2003)
willistoni,South America,tacuarembo,-55.59,-31.41, Goni B. et al. (1998)
willistoni,South America,tacuarembo,-55.59,-31.41, Valente V.L.S. et al. (2001)
willistoni,South America,tacuarembo,-55.59,-31.41, Valente V.L. da Silva et al. (2003)
willistoni,South America,melo,-54.3,-32, da Cunha A.B. and Dobzhansky T. (1954)
willistoni,South America,melo,-54.3,-32, da Cunha A.B. et al. (1959)
willistoni,South America,melo,-54.3,-32, Spassky B. et al. (1971)
willistoni,South America,sauce de cebollati,-54.33,-33.45, Valente V.L.S. et al. (2001)
willistoni,South America,sauce del cebollati,-54.33,-33.45, Goni B. et al. (1998)
willistoni,South America,sauce del cebollati,-54.33,-33.45, Valente V.L. da Silva et al. (2003)
willistoni,South America,mercedes/uruguay,-58.02,-34.15, Goni B. et al. (1998)
willistoni,South America,rivera,-55.29,-34.25, Parada C. and Goni B. (2003)
willistoni,South America,santa lucia/uruguay,-56.25,-34.26, Parada C. and Goni B. (2003)
willistoni,South America,santa lucia/uruguay,-56.25,-34.26, Valente V.L.S. et al. (2001)
willistoni,South America,laguna negra,-54.22,-34.3, Garcia A.C.L. et al. (2006)
willistoni,South America,rocha,-54.22,-34.3, Garcia A.C.L. et al. (2006)
willistoni,South America,rocha,-54.22,-34.3, Ludwig A. et al. (2003)
willistoni,South America,rocha,-54.22,-34.3, Parada C. and Goni B. (2003)
willistoni,South America,buenos aires,-58.3,-34.4, da Cunha A.B. and Dobzhansky T. (1954)
willistoni,South America,buenos aires,-58.3,-34.4, Spassky B. et al. (1971)
willistoni,South America,buenos aires,-58.3,-34.4, Townsend J.I. (1952)
willistoni,South America,cerro del toro,-55.14,-34.45, Goni B. et al. (1998)
willistoni,South America,cerro del toro,-55.14,-34.45, Valente V.L. da Silva et al. (2003)
willistoni,South America,cerro el toro,-55.14,-34.45, Valente V.L.S. et al. (2001)
willistoni,South America,solis,-55.22,-34.47, Parada C. and Goni B. (2003)
willistoni,South America,santa lucia del este,-56.15,-34.5, Goni B. et al. (1998)
willistoni,South America,santa lucia del este,-56.15,-34.5, Valente V.L. da Silva et al. (2003)
willistoni,South America,terrazas de piriapolis,-55.15,-34.5, Goni B. et al. (1998)
willistoni,South America,coronilla,-56.13,-34.51, Garcia A.C.L. et al. (2006)
willistoni,South America,coronilla,-56.13,-34.51, Sassi A.K. et al. (2005)
willistoni,South America,piriapolis,-55.15,-34.51, Fresia P. et al. (2001)
willistoni,South America,piriapolis,-55.15,-34.51, Sassi A.K. et al. (2005)
willistoni,South America,la plata,-57.55,-34.52, Cordeiro A.R. et al. (1958)
willistoni,South America,la plata,-57.55,-34.52, da Cunha A.B. et al. (1959)
willistoni,South America,la plata,-57.55,-34.52, Spassky B. et al. (1971)
willistoni,South America,la plata,-57.55,-34.52, Tondo C.V. and Cordeiro A.R. (1958)
willistoni,South America,la plata,-57.55,-34.52, Tondo C.V. et al. (1959)
willistoni,South America,montevideo,-56.1,-34.55, Fresia P. et al. (2001)
willistoni,South America,montevideo,-56.1,-34.55, Goni B. et al. (1997)
willistoni,South America,montevideo,-56.1,-34.55, Goni B. et al. (1998)
willistoni,South America,montevideo,-56.1,-34.55, Goni B. et al. (2002)
willistoni,South America,montevideo,-56.1,-34.55, Ludwig A. et al. (2003)
willistoni,South America,montevideo,-56.1,-34.55, Parada C. and Goni B. (2003)
willistoni,South America,montevideo,-56.1,-34.55, Valente V.L.S. et al. (2001)
willistoni,South America,montevideo,-56.1,-34.55, Valente V.L. da Silva et al. (2003)
willistoni,South America,el destino/argent,-60.27,-38.46, Cordeiro A.R. et al. (1958)
willistoni,South America,el destino/argent,-60.27,-38.46, Lewgoy F. and Cordeiro S.R. (1958)
willistoni,South America,el destino/argent,-60.27,-38.46, Lewgoy F. et al. (1959)
willistoni,South America,uruguaiana,-30,-51, Dobzhansky T. et al. (1950)
willistoni,Europe,sao pedro,-30,39, Cordeiro A.R. et al. (1960)
willistoni,Europe,sao pedro,-30,39, Garcia A.C.L. et al. (2006)
willistoni,Europe,palm,14.1,48.1, Rizki M.T.M. (1955)
willistoni,North America,hawaii,-155.4,19.55, Kambysellis M.P. (1993)
willistoni,North America,crater lake/or,-122.1,42.51, Silva J.C. and Kidwell M.G. (2004)
willistoni,North America,pichilingue,-110.17,24.2, Ayala F.J. et al. (1972)
willistoni,North America,pichilingue,-110.17,24.2, da Cunha A.B. et al. (1959)
willistoni,North America,pichilingue,-110.17,24.2, Dobzhansky T. (1965)
willistoni,North America,pichilingue,-110.17,24.2, Spassky B. et al. (1971)
willistoni,North America,pichilingue,-110.17,24.2, de Toledo Cardoso de Mello J. (1971)
willistoni,North America,los molinos/sin,-109,25.5, Ayala F.J. et al. (1972)
willistoni,North America,tepic,-104.51,21.3, Salceda V.M. (2005)
willistoni,North America,tequila/jal,-103.5,20.53, Patterson J.T. and Mainland G.B. (1944)
willistoni,North America,uruapan/mic,-102.04,19.26, Gallo A.J. and Salceda V.M. (1974)
willistoni,North America,uruapan/mic,-102.04,19.26, Patterson J.T. and Mainland G.B. (1944)
willistoni,North America,patzcuaro/mic,-101.38,19.3, Ehrman L. and Powell J.R. (1982)
willistoni,North America,morelia/mic,-101.11,19.4, Ehrman L. and Powell J.R. (1982)
willistoni,North America,huichihuayan/slp,-101,23, Yoon J.S. (1984)
willistoni,North America,huichihuayan/slp,-101,23, Yoon J.S. (1990)
willistoni,North America,huichihuayan/slp,-101,23, Yoon Z. (1996)
willistoni,North America,saltillo/coa,-101,25.3, Patterson J.T. and Mainland G.B. (1944)
willistoni,North America,axtla/slp,-100.58,22.11, Burla H. et al. (1949)
willistoni,North America,axtla/slp,-100.58,22.11, Dobzhansky T. (1965)
willistoni,North America,axtla/slp,-100.58,22.11, Dobzhansky T. et al. (1950)
willistoni,North America,axtla/slp,-100.58,22.11, Spassky B. et al. (1971)
willistoni,North America,axtla/slp,-100.58,22.11, Spieth H.T. (1949)
willistoni,North America,zitacuaro/mic,-100.21,19.28, Gallo A.J. and Salceda V.M. (1974)
willistoni,North America,mexico,-100,20, Vargas L. (1954)
willistoni,North America,taxco/gue,-99.36,18.33, Patterson J.T. and Mainland G.B. (1944)
willistoni,North America,zumpango/gue,-99.3,17.39, Patterson J.T. and Mainland G.B. (1944)
willistoni,North America,alpuyeca/mor,-99.16,18.44, Patterson J.T. and Mainland G.B. (1944)
willistoni,North America,cuernavaca/mor,-99.15,18.57, Gleason J.M. and Powell J.R. (1997)
willistoni,North America,cuernavaca/mor,-99.15,18.57, Griffith E.C. and Powell J.R. (1997)
willistoni,North America,cuernavaca/mor,-99.15,18.57, Ritchie M.G. and Gleason J.M. (1995)
willistoni,North America,cuernavaca/mor,-99.15,18.57, Robe L.J. et al. (2010)
willistoni,North America,cuernavaca/mor,-99.15,18.57, Spassky B. et al. (1971)
willistoni,North America,cuernavaca/mor,-99.15,18.57, Throckmorton L.H. (1962)
willistoni,North America,cuernavaca/mor,-99.15,18.57, Yoon J.S. (1984)
willistoni,North America,cuernavaca/mor,-99.15,18.57, Yoon J.S. (1990)
willistoni,North America,cuernavaca/mor,-99.15,18.57, Yoon Z. (1996)
willistoni,North America,morelos,-99,19, Patterson J.T. (1943)
willistoni,North America,llera/tam,-99,24, Patterson J.T. and Mainland G.B. (1944)
willistoni,North America,tamazunchale/slp,-98.47,21.16, Patterson J.T. and Mainland G.B. (1944)
willistoni,North America,atlixco/pue,-98.26,18.55, Gleason J.M. and Powell J.R. (1997)
willistoni,North America,atlixco/pue,-98.26,18.55, Griffith E.C. and Powell J.R. (1997)
willistoni,North America,atlixco/pue,-98.26,18.55, Ritchie M.G. and Gleason J.M. (1995)
willistoni,North America,atlixco/pue,-98.26,18.55, Silva J.C. and Kidwell M.G. (2004)
willistoni,North America,atlixco/pue,-98.26,18.55, Yoon J.S. (1984)
willistoni,North America,atlixco/pue,-98.26,18.55, Yoon J.S. (1990)
willistoni,North America,atlixco/pue,-98.26,18.55, Yoon Z. (1996)
willistoni,North America,poza rica,-97.26,20.34, Salceda V.M. (2005)
willistoni,North America,tehuacan/pue,-97.23,18.27, Ayala F.J. et al. (1972)
willistoni,North America,tehuacan/pue,-97.23,18.27, Spassky B. et al. (1971)
willistoni,North America,cordoba/vcr,-96.55,18.55, Patterson J.T. and Mainland G.B. (1944)
willistoni,North America,oaxaca/oxa,-96.44,17.02, Hsu T.C. (1949)
willistoni,North America,laguna verde/vcr,-96.24,19.43, Salceda V.M. (2006)
willistoni,North America,apazapan,-96.1,19.11, Garcia A.C.L. et al. (2006)
willistoni,North America,apazapan,-96.1,19.11, Sassi A.K. et al. (2005)
willistoni,North America,apazapan,-96.1,19.11, Silva J.C. and Kidwell M.G. (2004)
willistoni,North America,veracruz/vcr,-96.1,19.11, Rohde C. et al. (2006)
willistoni,North America,arroyo agrio/vcr,-94,18, Salceda V.M. (2005)
willistoni,North America,comalcalco,-93.1,18.16, Salceda V.M. (2001)
willistoni,North America,comalcalco,-93.1,18.16, Salceda V.M. (2005)
willistoni,North America,teapa,-92.56,17.35, Salceda V.M. (2005)
willistoni,North America,jalapa/vcr,-92.48,17.45, Gallo A.J. and Salceda V.M. (1974)
willistoni,North America,kolemjaa,-92,18, Salceda V.M. (2005)
willistoni,North America,chetumal,-88.17,18.3, Chambers G.K. et al. (1978)
willistoni,North America,chetumal,-88.17,18.3, McDonald J.F. and Avise J.C. (1976)
willistoni,North America,fairchild/fl,-82.16,29.43, Silva J.C. and Kidwell M.G. (2004)
willistoni,North America,collier/fl,-81.35,25.59, Patterson J.T. and Wagner R.P. (1943)
willistoni,North America,florida,-81.3,27.4, Sassi A.K. et al. (2005)
willistoni,North America,florida,-81.3,27.4, de Toledo Cardoso de Mello J. (1971)
willistoni,North America,florida,-81.3,27.4, Townsend J.I. and Wheeler M.R. (1955)
willistoni,North America,lake placid/fl,-81.22,27.18, Ayala F.J. et al. (1972)
willistoni,North America,lake placid/fl,-81.22,27.18, Dobzhansky T. (1957)
willistoni,North America,lake placid/fl,-81.22,27.18, Spassky B. et al. (1971)
willistoni,North America,lake placid/fl,-81.22,27.18, Townsend J.I. (1952)
willistoni,North America,royal palm park/fl,-81,27, Daniels S.B. and Strausbaugh L.D. (1986)
willistoni,North America,royal palm park/fl,-81,27, Patterson J.T. and Wagner R.P. (1943)
willistoni,North America,royal palm park/fl,-81,27, Silva J.C. and Kidwell M.G. (2004)
willistoni,North America,royal palm park/fl,-81,27, Yoon J.S. (1984)
willistoni,North America,royal palm park/fl,-81,27, Yoon J.S. (1990)
willistoni,North America,royal palm park/fl,-81,27, Yoon Z. (1996)
willistoni,North America,coral gables/fl,-80.16,25.42, Ehrman L. and Miller T. (1982)
willistoni,North America,miami/fl,-80.15,25.45, Sturtevant A.H. (1921)
willistoni,North America,miami/fl,-80.15,25.45, Yoon J.S. (1990)
willistoni,North America,miami/fl,-80.15,25.45, Yoon Z. (1996)
willistoni,North America,pompano/fl,-80.07,26.14, Hunter A.S. (1981)
willistoni,North America,lake placid/ny,-74.01,44.18, da Cunha A.B. et al. (1959)
willistoni,North America,,,, da Cunha A.B. et al. (1950)
willistoni,North America,,,, Fauron C.M.-R. and Wolstenholme D.R. (1976)
willistoni,North America,,,, Patterson J.T. (1943)
willistoni,North America,,,, Dobzhansky T. (1965)
willistoni,North America,,,, Krimbas C.B. (1959)
willistoni,Africa,valle,16,-24, Spassky B. et al. (1971)
willistoni,Africa,natal,31,-29, Spassky B. et al. (1971)
willistoni,Central America,quirigua, -90.00,15.00 , Ayala F.J. et al. (1972)
willistoni,Central America,quirigua, -90.00,15.00 , Burla H. et al. (1949)
willistoni,Central America,quirigua, -90.00,15.00 , Dobzhansky T. (1946)
willistoni,Central America,quirigua, -90.00,15.00 , Dobzhansky T. (1965)
willistoni,Central America,quirigua, -90.00,15.00 , Dobzhansky T. and Mayr E. (1944)
willistoni,Central America,quirigua, -90.00,15.00 , de Toledo Cardoso de Mello J. (1971)
willistoni,Central America,tikal, -89.24,17.13 , da Cunha A.B. et al. (1959)
willistoni,Central America,tikal, -89.24,17.13 , Krimbas C.B. (1959)
willistoni,Central America,tikal, -89.24,17.13 , Spassky B. et al. (1971)
willistoni,Central America,san salvador/es, -89.10,13.40 , Daniels S.B. and Strausbaugh L.D. (1986)
willistoni,Central America,san salvador/es, -89.10,13.40 , Dobzhansky T. (1957)
willistoni,Central America,san salvador/es, -89.10,13.40 , Silva J.C. and Kidwell M.G. (2004)
willistoni,Central America,san salvador/es, -89.10,13.40 , Yoon J.S. (1984)
willistoni,Central America,san salvador/es, -89.10,13.40 , Yoon J.S. (1990)
willistoni,Central America,san salvador/es, -89.10,13.40 , Yoon Z. (1996)
willistoni,Central America,el salvador, -88.55,14.45 , Carson H.L. (1965)
willistoni,Central America,el salvador, -88.55,14.45 , da Cunha A.B. et al. (1959)
willistoni,Central America,el salvador, -88.55,14.45 , Dobzhansky T. and Pavlovsky O. (1955)
willistoni,Central America,el salvador, -88.55,14.45 , Heed W.B. (1956)
willistoni,Central America,el salvador, -88.55,14.45 , Heed W.B. (1957)
willistoni,Central America,el salvador, -88.55,14.45 , Spassky B. et al. (1971)
willistoni,Central America,el salvador, -88.55,14.45 , Valente V.L.S. and Araujo A.M. (1986)
willistoni,Central America,belize, -88.10,17.29 , Gleason J.M. and Powell J.R. (1997)
willistoni,Central America,belize, -88.10,17.29 , Griffith E.C. and Powell J.R. (1997)
willistoni,Central America,belize, -88.10,17.29 , Ritchie M.G. and Gleason J.M. (1995)
willistoni,Central America,lancetilla, -88.00,15.00 , Ayala F.J. et al. (1972)
willistoni,Central America,lancetilla, -88.00,15.00 , da Cunha A.B. et al. (1959)
willistoni,Central America,lancetilla, -88.00,15.00 , Dobzhansky T. (1957)
willistoni,Central America,lancetilla, -88.00,15.00 , Dobzhansky T. (1965)
willistoni,Central America,lancetilla, -88.00,15.00 , Dobzhansky T. and Pavlovsky O. (1955)
willistoni,Central America,lancetilla, -88.00,15.00 , Spassky B. et al. (1971)
willistoni,Central America,la lima, -87.55,15.20 , Dobzhansky T. and Pavlovsky O. (1955)
willistoni,Central America,costa rica, -85.17,8.55 , da Cunha A.B. et al. (1950)
willistoni,Central America,costa rica, -85.17,8.55 , Gleason J.M. and Powell J.R. (1997)
willistoni,Central America,costarica, -85.17,8.55 , Dobzhansky T. et al. (1950)
willistoni,Central America,port limon/cr, -85.00,10.00 , Sturtevant A.H. (1921)
willistoni,Central America,tortuguero, -85.00,10.00 , Ayala F.J. et al. (1972)
willistoni,Central America,santa maria de ostuma, -85.00,12.00 , Daniels S.B. and Strausbaugh L.D. (1986)
willistoni,Central America,santa maria de ostuma, -85.00,12.00 , Silva J.C. and Kidwell M.G. (2004)
willistoni,Central America,santa maria de ostuma, -85.00,12.00 , Yoon J.S. (1984)
willistoni,Central America,santa maria de ostuma, -85.00,12.00 , Yoon J.S. (1990)
willistoni,Central America,santa maria de ostuma, -85.00,12.00 , Yoon Z. (1996)
willistoni,Central America,santa maria de ostuma, -85.00,12.00 , Yoon J.S. et al. (1990)
willistoni,Central America,santa maria/nicaragua, -85.00,12.00 , Gleason J.M. and Powell J.R. (1997)
willistoni,Central America,san jose/cr, -84.04,9.59 , Dobzhansky T. (1957)
willistoni,Central America,san jose/cr, -84.04,9.59 , Sturtevant A.H. (1921)
willistoni,Central America,cano mora, -84.00,10.00 , Griffith E.C. and Powell J.R. (1997)
willistoni,Central America,cano mora, -84.00,10.00 , Ritchie M.G. and Gleason J.M. (1995)
willistoni,Central America,santa ana/cr, -84.00,10.00 , Spassky B. et al. (1971)
willistoni,Central America,yunque, -84.00,10.00 , Ayala F.J. and Tracey M.L. (1974)
willistoni,Central America,yunque, -84.00,10.00 , Spassky B. et al. (1971)
willistoni,Central America,san isidro de general, -83.82,9.28 , Dobzhansky T. (1957)
willistoni,Central America,san isidro/cr, -83.42,9.28 , Spassky B. et al. (1971)
willistoni,Central America,turrialba, -83.40,9.56 , Ayala F.J. (1970)
willistoni,Central America,turrialba, -83.40,9.56 , da Cunha A.B. et al. (1959)
willistoni,Central America,turrialba, -83.40,9.56 , Dobzhansky T. (1957)
willistoni,Central America,turrialba, -83.40,9.56 , Spassky B. et al. (1971)
willistoni,Central America,la lola, -83.30,10.06 , Ayala F.J. (1970)
willistoni,Central America,la lola, -83.30,10.06 , Dobzhansky T. (1957)
willistoni,Central America,la lola, -83.30,10.06 , Spassky B. et al. (1971)
willistoni,Central America,el volcan/panama, -82.40,8.45 , Pipkin S.B. (1965)
willistoni,Central America,boquete, -82.28,8.46 , Spassky B. et al. (1971)
willistoni,Central America,almirante, -82.22,9.20 , Pipkin S.B. (1965)
willistoni,Central America,cerro campana, -81.17,8.26 , Ayala F.J. (1970)
willistoni,Central America,cerro campana, -81.17,8.26 , Pipkin S.B. (1965)
willistoni,Central America,el valle/panama, -80.08,8.36 , Pipkin S.B. (1965)
willistoni,Central America,goofy lake, -80.00,11.00 , Pipkin S.B. (1965)
willistoni,Central America,madden forest, -80.00,11.00 , Pipkin S.B. (1965)
willistoni,Central America,fort sherman, -79.57,9.21 , Pipkin S.B. (1965)
willistoni,Central America,capira, -79.51,8.48 , Pipkin S.B. (1965)
willistoni,Central America,barro colorado, -79.50,9.08 , Ayala F.J. (1970)
willistoni,Central America,barro colorado, -79.50,9.08 , Dobzhansky T. (1957)
willistoni,Central America,barro colorado, -79.50,9.08 , Pipkin S.B. (1965)
willistoni,Central America,barro colorado, -79.50,9.08 , Serradilla J.M. and Ayala F.J. (1983)
willistoni,Central America,barro colorado, -79.50,9.08 , Sevenster J.G. (1992)
willistoni,Central America,barro colorado, -79.50,9.08 , Sevenster J.G. and van Alphen J.J.M. (1993)
willistoni,Central America,barro colorado, -79.50,9.08 , Sevenster J.G. and van Alphen J.J.M. (1996)
willistoni,Central America,frijoles, -79.48,9.11 , Pipkin S.B. (1965)
willistoni,Central America,darien/panama, -79.46,9.07 , Ayala F.J. (1970)
willistoni,Central America,camaron, -79.34,8.59 , Pipkin S.B. (1965)
willistoni,Central America,cerro azul, -79.25,9.10 , Ayala F.J. (1970)
willistoni,Central America,panama, -79.00,9.00 , Baldal E.A. et al. (2005)
willistoni,Central America,panama, -79.00,9.00 , Carson H.L. (1965)
willistoni,Central America,panama, -79.00,9.00 , da Cunha A.B. et al. (1959)
willistoni,Central America,panama, -79.00,9.00 , Duda O. (1927)
willistoni,Central America,panama, -79.00,9.00 , Krimbas C.B. (1959)
willistoni,Central America,panama, -79.00,9.00 , van der Linde K. (2005)
willistoni,Central America,panama, -79.00,9.00 , Spassky B. et al. (1971)
willistoni,Central America,panama, -79.00,9.00 , Sturtevant A.H. (1921)
willistoni,Central America,panama, -79.00,9.00 , Valente V.L.S. and Araujo A.M. (1986)
willistoni,Central America,jaque, -78.08,7.31 , Ayala F.J. et al. (1972)
willistoni,Central America,jaque, -78.08,7.31 , Spassky B. et al. (1971)
willistoni,Central America,el real/panama, -77.42,8.06 , Pipkin S.B. (1965)
willistoni,Central America,el real/panama, -77.42,8.06 , Spassky B. et al. (1971)
willistoni,Central America,,,, Griffith E.C. and Powell J.R. (1997)
willistoni,Central America,,,, Dobzhansky T. (1965)
willistoni,Caribbean,herradura/cuba,-83.25,22.31, Sturtevant A.H. (1921)
willistoni,Caribbean,havana/cuba,-82.25,23.07, Sturtevant A.H. (1921)
willistoni,Caribbean,baracoa,-82.21,23.04, Townsend J.I. (1953)
willistoni,Caribbean,old providence,-81.22,13.21, Hunter A.S. and Newball S. (1961)
willistoni,Caribbean,grand cayman,-81.15,19.2, Ayala F.J. et al. (1972)
willistoni,Caribbean,grand cayman,-81.15,19.2, Ehrman L. and Petit C. (1968)
willistoni,Caribbean,grand cayman,-81.15,19.2, Petit C. and Ehrman L. (1968)
willistoni,Caribbean,grand cayman,-81.15,19.2, Spassky B. et al. (1971)
willistoni,Caribbean,cienfuegos,-80.27,22.1, da Cunha A.B. et al. (1959)
willistoni,Caribbean,cienfuegos,-80.27,22.1, Townsend J.I. (1952)
willistoni,Caribbean,trinidad/cuba,-80,21.48, Dobzhansky T. (1957)
willistoni,Caribbean,santiago/cuba,-80,22, Dobzhansky T. (1957)
willistoni,Caribbean,jamaica,-78,18, Counce S.J. and Poulson D.F. (1962)
willistoni,Caribbean,jamaica,-78,18, Gowdey C.C. (1926)
willistoni,Caribbean,jamaica,-78,18, Krimbas C.B. (1959)
willistoni,Caribbean,jamaica,-78,18, Spassky B. et al. (1971)
willistoni,Caribbean,cuba,-77.45,21.3, MSNM Collection (1986)
willistoni,Caribbean,cuba,-77.45,21.3, Lancefield R.C. and Metz C.W. (1922)
willistoni,Caribbean,cuba,-77.45,21.3, Spassky B. et al. (1971)
willistoni,Caribbean,cuba,-77.45,21.3, de Toledo Cardoso de Mello J. (1971)
willistoni,Caribbean,porus/jamaica,-77.25,18.02, Johnson C.W. (1919)
willistoni,Caribbean,porus/jamaica,-77.25,18.02, Sturtevant A.H. (1921)
willistoni,Caribbean,nassau/bahamas,-77.2,25.05, Sturtevant A.H. (1921)
willistoni,Caribbean,hot mineral spring,-77,18, Dobzhansky T. (1957)
willistoni,Caribbean,puerto rico,-77,18, Levins R. (1969)
willistoni,Caribbean,rio piedras/pr,-77,18, da Cunha A.B. et al. (1959)
willistoni,Caribbean,rio piedras/pr,-77,18, Dobzhansky T. (1957)
willistoni,Caribbean,rio piedras/pr,-77,18, Townsend J.I. (1958)
willistoni,Caribbean,rio piedras/pr,-77,18, Townsend J.I. and Wheeler M.R. (1955)
willistoni,Caribbean,constant spring,-76.48,18.03, Townsend J.I. (1953)
willistoni,Caribbean,constant spring,-76.48,18.03, Townsend J.I. (1958)
willistoni,Caribbean,bath/jamaica,-76.22,17.57, Malogolowkin C. (1958)
willistoni,Caribbean,bath/jamaica,-76.22,17.57, Malogolowkin C. et al. (1959)
willistoni,Caribbean,bath/jamaica,-76.22,17.57, Williamson D.L. and Poulson D.F. (1979)
willistoni,Caribbean,guantanamo,-75.14,20.09, Sturtevant A.H. (1921)
willistoni,Caribbean,santiago de las vegas,-75,20, Sturtevant A.H. (1921)
willistoni,Caribbean,petionville,-72.2,18.3, da Cunha A.B. et al. (1959)
willistoni,Caribbean,petionville,-72.2,18.3, Dobzhansky T. (1957)
willistoni,Caribbean,port-au-prince,-72.2,18.33, Townsend J.I. (1953)
willistoni,Caribbean,port-au-prince,-72.2,18.33, Townsend J.I. (1958)
willistoni,Caribbean,haiti,-72.15,19, Spassky B. et al. (1971)
willistoni,Caribbean,haiti,-72.15,19, Sturtevant A.H. (1921)
willistoni,Caribbean,santiago/dr,-70.42,19.3, Ayala F.J. and Tracey M.L. (1974)
willistoni,Caribbean,trujillo/sd,-70,19, da Cunha A.B. et al. (1959)
willistoni,Caribbean,ciudad trujillo,-69.57,18.3, Townsend J.I. (1953)
willistoni,Caribbean,ciudad trujillo,-69.57,18.3, Townsend J.I. (1958)
willistoni,Caribbean,santo domingo/dr,-69.57,18.3, Ayala F.J. and Tracey M.L. (1974)
willistoni,Caribbean,mayaguez/pr,-67.09,18.13, Ayala F.J. and Tracey M.L. (1974)
willistoni,Caribbean,mayaguez/pr,-67.09,18.13, Ayala F.J. et al. (1972)
willistoni,Caribbean,mayaguez/pr,-67.09,18.13, da Cunha A.B. et al. (1959)
willistoni,Caribbean,mayaguez/pr,-67.09,18.13, Powell J.R. et al. (1980)
willistoni,Caribbean,mayaguez/pr,-67.09,18.13, Spassky B. et al. (1971)
willistoni,Caribbean,mayaguez/pr,-67.09,18.13, Sturtevant A.H. (1921)
willistoni,Caribbean,toro negro,-67,18.1, Silva J.C. and Kidwell M.G. (2004)
willistoni,Caribbean,barranquitas,-66.13,18.14, Ayala F.J. and Tracey M.L. (1974)
willistoni,Caribbean,bayamon,-66.1,18.24, Sturtevant A.H. (1921)
willistoni,Caribbean,caribbean forest,-66,18.1, Townsend J.I. and Wheeler M.R. (1955)
willistoni,Caribbean,el yunque,-65.47,18.19, da Cunha A.B. et al. (1959)
willistoni,Caribbean,el yunque,-65.47,18.19, Dobzhansky T. (1957)
willistoni,Caribbean,el yunque,-65.47,18.19, Townsend J.I. (1958)
willistoni,Caribbean,culebra,-65.2,18.2, Heatwole H. et al. (1963)
willistoni,Caribbean,palominitos,-65,18.2, Levins R. and Heatwole H. (1973)
willistoni,Caribbean,guana island,-64.37,18.3, Gleason J.M. and Powell J.R. (1997)
willistoni,Caribbean,guana island,-64.37,18.3, Griffith E.C. and Powell J.R. (1997)
willistoni,Caribbean,guana island,-64.37,18.3, Ritchie M.G. and Gleason J.M. (1995)
willistoni,Caribbean,saint thomas/virgin,-64,18, da Cunha A.B. et al. (1959)
willistoni,Caribbean,saint kitts/west,-62.45,17.25, Ayala F.J. and Tracey M.L. (1974)
willistoni,Caribbean,saint kitts/west,-62.45,17.25, da Cunha A.B. et al. (1959)
willistoni,Caribbean,saint kitts/west,-62.45,17.25, Dobzhansky T. et al. (1957)
willistoni,Caribbean,saint kitts/west,-62.45,17.25, Spassky B. et al. (1971)
willistoni,Caribbean,saint kitts/west,-62.45,17.25, Tabachnik W.J. and Powell J.R. (1977)
willistoni,Caribbean,montserrat/west,-62.14,16.45, Ayala F.J. et al. (1972)
willistoni,Caribbean,montserrat/west,-62.14,16.45, Spassky B. et al. (1971)
willistoni,Caribbean,grenada/west,-61.4,12.07, Ayala F.J. et al. (1971)
willistoni,Caribbean,guadeloupe,-61.36,16.1, Fain A. et al. (1993)
willistoni,Caribbean,guadeloupe,-61.36,16.1, Garcia A.C.L. et al. (2006)
willistoni,Caribbean,guadeloupe,-61.36,16.1, Gleason J.M. and Powell J.R. (1997)
willistoni,Caribbean,guadeloupe,-61.36,16.1, Ritchie M.G. and Gleason J.M. (1995)
willistoni,Caribbean,guadeloupe,-61.36,16.1, Robe L.J. et al. (2010)
willistoni,Caribbean,petit bourg,-61.36,16.12, David J. (1973)
willistoni,Caribbean,port of spain,-61.31,10.38, da Cunha A.B. et al. (1959)
willistoni,Caribbean,port of spain,-61.31,10.38, Spassky B. et al. (1971)
willistoni,Caribbean,mora forest,-61.3,10.3, Spassky B. et al. (1971)
willistoni,Caribbean,saint isabel,-61.3,10.3, Spassky B. et al. (1971)
willistoni,Caribbean,sangre grande,-61.3,10.3, Dobzhansky T. (1957)
willistoni,Caribbean,sangre grande,-61.3,10.3, Malogolowkin-Cohen C. et al. (1964)
willistoni,Caribbean,sangre grande,-61.3,10.3, Spassky B. et al. (1971)
willistoni,Caribbean,trinidad/west,-61.3,10.3, Ayala F.J. (1970)
willistoni,Caribbean,trinidad/west,-61.3,10.3, Ayala F.J. et al. (1972)
willistoni,Caribbean,trinidad/west,-61.3,10.3, Dobzhansky T. (1965)
willistoni,Caribbean,trinidad/west,-61.3,10.3, Dobzhansky T. et al. (1950)
willistoni,Caribbean,trinidad/west,-61.3,10.3, Dobzhansky T. et al. (1957)
willistoni,Caribbean,trinidad/west,-61.3,10.3, Krimbas C.B. (1959)
willistoni,Caribbean,trinidad/west,-61.3,10.3, Townsend J.I. (1958)
willistoni,Caribbean,lhabitatue,-61.3,16, Gleason J.M. and Powell J.R. (1997)
willistoni,Caribbean,lhabitatue,-61.3,16, Ritchie M.G. and Gleason J.M. (1995)
willistoni,Caribbean,carriacou,-61.26,12.29, Ayala F.J. et al. (1971)
willistoni,Caribbean,simla,-61.2,10.1, Malogolowkin-Cohen C. et al. (1964)
willistoni,Caribbean,simla,-61.2,10.1, Perez-Salas S. (1970)
willistoni,Caribbean,simla,-61.2,10.1, Spassky B. et al. (1971)
willistoni,Caribbean,tabaquite,-61.18,10.23, da Cunha A.B. et al. (1959)
willistoni,Caribbean,tabaquite,-61.18,10.23, Spassky B. et al. (1971)
willistoni,Caribbean,arima,-61.17,10.58, Dobzhansky T. (1957)
willistoni,Caribbean,bequia,-61.15,13, Ayala F.J. et al. (1971)
willistoni,Caribbean,bequia,-61.15,13, Tabachnik W.J. and Powell J.R. (1977)
willistoni,Caribbean,saint vincent/west,-61.12,13.15, Ayala F.J. et al. (1971)
willistoni,Caribbean,saint vincent/west,-61.12,13.15, da Cunha A.B. et al. (1959)
willistoni,Caribbean,saint vincent/west,-61.12,13.15, Duda O. (1927)
willistoni,Caribbean,saint vincent/west,-61.12,13.15, Silva J.C. and Kidwell M.G. (2004)
willistoni,Caribbean,saint vincent/west,-61.12,13.15, Spassky B. et al. (1971)
willistoni,Caribbean,saint vincent/west,-61.12,13.15, Sturtevant A.H. (1921)
willistoni,Caribbean,saint vincent/west,-61.12,13.15, Vilela C.R. and Bachli G. (1990)
willistoni,Caribbean,saint vincent/west,-61.12,13.15, Wheeler M.R. (1970)
willistoni,Caribbean,saint lucia/west,-61,14, Ayala F.J. et al. (1971)
willistoni,Caribbean,saint lucia/west,-61,14, Spassky B. et al. (1971)
willistoni,Caribbean,santa lucia/west,-61,14, da Cunha A.B. et al. (1959)
willistoni,Caribbean,santa lucia/west,-61,14, Dobzhansky T. (1957)
willistoni,Caribbean,santa lucia/west,-61,14, Dobzhansky T. et al. (1957)
willistoni,Caribbean,martinique,-61,14.35, Ayala F.J. et al. (1971)
willistoni,Caribbean,martinique,-61,14.35, Davis J.R. and Capy P. (1983)
willistoni,Caribbean,barbados,-60,12, da Cunha A.B. et al. (1959)
willistoni,Caribbean,barbados,-60,12, Dobzhansky T. et al. (1957)
willistoni,Caribbean,barbados,-60,12, Spassky B. et al. (1971)
willistoni,Caribbean,claybury,-60,12, Dobzhansky T. (1957)
willistoni,Caribbean,turner hall,-60,12, Dobzhansky T. (1957)
willistoni,Caribbean,saint-thomas,-60,15, Spassky B. et al. (1971)
willistoni,Caribbean,monkey hill,-59.3,13.15, Dobzhansky T. (1957)
willistoni,Caribbean,,,, Ehrman L. and Petit C. (1968)
willistoni,Caribbean,,,, Krimbas C.B. (1959)
willistoni,Caribbean,,,, da Cunha A.B. et al. (1959)
willistoni,Caribbean,,,, Townsend J.I. (1953)
willistoni,Caribbean,,,, Burla H. et al. (1949)
willistoni,Caribbean,,,, da Cunha A.B. et al. (1950)
